,data,tau_x_score,prediction_time,buckets_per_rank,algo,percentage
0,PLR-AUTHORSHIP,0.688235294117647,3.652100911942854,2.635294117647059,JC-DT,0.6
1,PLR-AUTHORSHIP,0.7123015873015872,1.6320197299679204,2.738095238095238,JC-DT,0.6
2,PLR-AUTHORSHIP,0.6924603174603174,1.6075937922901733,2.5952380952380953,JC-DT,0.6
3,PLR-AUTHORSHIP,0.7063492063492064,1.6566475645110457,2.6904761904761907,JC-DT,0.6
4,PLR-AUTHORSHIP,0.744047619047619,1.62990815630327,2.8214285714285716,JC-DT,0.6
5,PLR-AUTHORSHIP,0.740079365079365,1.6274691004729427,2.761904761904762,JC-DT,0.6
6,PLR-AUTHORSHIP,0.628968253968254,1.6142609897435571,2.9642857142857144,JC-DT,0.6
7,PLR-AUTHORSHIP,0.7083333333333333,1.750116300139341,2.5714285714285716,JC-DT,0.6
8,PLR-AUTHORSHIP,0.7916666666666669,1.689206861512763,2.8214285714285716,JC-DT,0.6
9,PLR-AUTHORSHIP,0.6468253968253969,1.622217748644803,2.619047619047619,JC-DT,0.6
10,PLR-AUTHORSHIP,0.7039215686274508,1.6309046458928644,2.8823529411764706,JC-DT,0.6
11,PLR-AUTHORSHIP,0.6884920634920635,1.6243618389933185,2.7142857142857144,JC-DT,0.6
12,PLR-AUTHORSHIP,0.7123015873015872,1.6075558494235305,2.8095238095238093,JC-DT,0.6
13,PLR-AUTHORSHIP,0.7202380952380951,1.6159277632316864,2.892857142857143,JC-DT,0.6
14,PLR-AUTHORSHIP,0.6587301587301588,1.627188203314939,2.5,JC-DT,0.6
15,PLR-AUTHORSHIP,0.6547619047619048,1.655668911945641,2.6666666666666665,JC-DT,0.6
16,PLR-AUTHORSHIP,0.7003968253968254,1.6480105761125794,2.6547619047619047,JC-DT,0.6
17,PLR-AUTHORSHIP,0.7261904761904762,1.6137662284188947,2.8333333333333335,JC-DT,0.6
18,PLR-AUTHORSHIP,0.7301587301587301,1.6154042788068557,2.8333333333333335,JC-DT,0.6
19,PLR-AUTHORSHIP,0.7757936507936507,1.6184628726086554,2.8214285714285716,JC-DT,0.6
20,PLR-AUTHORSHIP,0.7431372549019608,1.624170793971194,2.776470588235294,JC-DT,0.6
21,PLR-AUTHORSHIP,0.6746031746031745,1.6824170425371432,2.619047619047619,JC-DT,0.6
22,PLR-AUTHORSHIP,0.7142857142857143,0.2543941017186608,2.869047619047619,JC-DT,0.6
23,PLR-AUTHORSHIP,0.6626984126984127,0.25517813971026665,2.5952380952380953,JC-DT,0.6
24,PLR-AUTHORSHIP,0.648809523809524,0.26303311009754266,2.6666666666666665,JC-DT,0.6
25,PLR-AUTHORSHIP,0.7023809523809523,0.2612815415956616,2.857142857142857,JC-DT,0.6
26,PLR-AUTHORSHIP,0.748015873015873,0.297658344431014,2.9642857142857144,JC-DT,0.6
27,PLR-AUTHORSHIP,0.7063492063492064,0.2803364478950504,2.6666666666666665,JC-DT,0.6
28,PLR-AUTHORSHIP,0.7222222222222221,0.30362545839960664,2.7976190476190474,JC-DT,0.6
29,PLR-AUTHORSHIP,0.6944444444444444,0.3014712971377963,2.5595238095238093,JC-DT,0.6
30,PLR-AUTHORSHIP,0.7568627450980393,0.30247625856695615,2.988235294117647,JC-DT,0.6
31,PLR-AUTHORSHIP,0.75,0.29145553516415057,2.7023809523809526,JC-DT,0.6
32,PLR-AUTHORSHIP,0.6825396825396826,0.3080125874073337,2.7857142857142856,JC-DT,0.6
33,PLR-AUTHORSHIP,0.740079365079365,0.28768564267354224,2.7023809523809526,JC-DT,0.6
34,PLR-AUTHORSHIP,0.6706349206349207,0.3017685006869859,2.7976190476190474,JC-DT,0.6
35,PLR-AUTHORSHIP,0.7063492063492064,0.29629232693254065,2.7142857142857144,JC-DT,0.6
36,PLR-AUTHORSHIP,0.7083333333333334,0.3002600822428947,2.8214285714285716,JC-DT,0.6
37,PLR-AUTHORSHIP,0.7003968253968255,0.31561465268351613,2.7976190476190474,JC-DT,0.6
38,PLR-AUTHORSHIP,0.6884920634920635,0.3042050345004204,2.8214285714285716,JC-DT,0.6
39,PLR-AUTHORSHIP,0.6765873015873015,0.297420799552405,2.7023809523809526,JC-DT,0.6
40,PLR-AUTHORSHIP,0.7215686274509804,0.29732697995235957,2.776470588235294,JC-DT,0.6
41,PLR-AUTHORSHIP,0.6785714285714285,0.28008263956239493,2.642857142857143,JC-DT,0.6
42,PLR-AUTHORSHIP,0.6626984126984127,0.26950971226444975,2.7023809523809526,JC-DT,0.6
43,PLR-AUTHORSHIP,0.7261904761904762,0.26063830682944533,2.642857142857143,JC-DT,0.6
44,PLR-AUTHORSHIP,0.6726190476190477,0.2704765831353576,2.75,JC-DT,0.6
45,PLR-AUTHORSHIP,0.7341269841269841,0.2995727023811742,2.9047619047619047,JC-DT,0.6
46,PLR-AUTHORSHIP,0.7718253968253967,0.28561372687652176,2.7738095238095237,JC-DT,0.6
47,PLR-AUTHORSHIP,0.6805555555555556,0.30130488047845033,2.5595238095238093,JC-DT,0.6
48,PLR-AUTHORSHIP,0.7123015873015873,0.29258411271470797,2.75,JC-DT,0.6
49,PLR-AUTHORSHIP,0.7202380952380951,0.3006646138492733,2.7857142857142856,JC-DT,0.6
50,PLR-BLOCKS,0.9191605839416059,0.4154055837388495,2.2226277372262775,JC-DT,0.6
51,PLR-BLOCKS,0.9317518248175183,0.42042043598718287,2.1824817518248176,JC-DT,0.6
52,PLR-BLOCKS,0.9352833638025595,0.41758389938027946,2.1919561243144425,JC-DT,0.6
53,PLR-BLOCKS,0.9279707495429617,0.428469022211181,2.206581352833638,JC-DT,0.6
54,PLR-BLOCKS,0.923583180987203,0.4241359676025272,2.26691042047532,JC-DT,0.6
55,PLR-BLOCKS,0.9288848263254114,0.44495763953897427,2.197440585009141,JC-DT,0.6
56,PLR-BLOCKS,0.9352833638025594,0.429292960550155,2.2010968921389398,JC-DT,0.6
57,PLR-BLOCKS,0.9287020109689214,0.4194040235997099,2.2541133455210236,JC-DT,0.6
58,PLR-BLOCKS,0.9343692870201097,0.39573152008115803,2.186471663619744,JC-DT,0.6
59,PLR-BLOCKS,0.9352833638025595,0.4372013655195417,2.1937842778793417,JC-DT,0.6
60,PLR-BLOCKS,0.9357664233576641,0.41163247928168056,2.184306569343066,JC-DT,0.6
61,PLR-BLOCKS,0.9355839416058395,0.42706102024157555,2.2445255474452557,JC-DT,0.6
62,PLR-BLOCKS,0.943144424131627,0.41679084922711257,2.2212065813528334,JC-DT,0.6
63,PLR-BLOCKS,0.9380255941499084,0.42504332600893674,2.1937842778793417,JC-DT,0.6
64,PLR-BLOCKS,0.9319926873857404,0.4144766603900269,2.202925045703839,JC-DT,0.6
65,PLR-BLOCKS,0.9243144424131626,0.41992488138514356,2.16636197440585,JC-DT,0.6
66,PLR-BLOCKS,0.9292504570383912,0.45438185704414796,2.186471663619744,JC-DT,0.6
67,PLR-BLOCKS,0.9252285191956124,0.4071134498002474,2.1956124314442413,JC-DT,0.6
68,PLR-BLOCKS,0.9195612431444241,0.42051361451811664,2.2248628884826327,JC-DT,0.6
69,PLR-BLOCKS,0.923583180987203,0.4216498239246895,2.2614259597806217,JC-DT,0.6
70,PLR-BLOCKS,0.9293795620437956,0.43578394074667604,2.187956204379562,JC-DT,0.6
71,PLR-BLOCKS,0.931021897810219,0.40529941032526523,2.204379562043796,JC-DT,0.6
72,PLR-BLOCKS,0.9265082266910419,0.411890858134088,2.197440585009141,JC-DT,0.6
73,PLR-BLOCKS,0.9325411334552103,0.4251789681761035,2.177330895795247,JC-DT,0.6
74,PLR-BLOCKS,0.9292504570383912,0.4260916473927726,2.2047531992687386,JC-DT,0.6
75,PLR-BLOCKS,0.9246800731261426,0.4274900852782612,2.173674588665448,JC-DT,0.6
76,PLR-BLOCKS,0.929798903107861,0.4135900313066337,2.2285191956124315,JC-DT,0.6
77,PLR-BLOCKS,0.9310786106032908,0.41346156776466925,2.2157221206581355,JC-DT,0.6
78,PLR-BLOCKS,0.9345521023765996,0.40795021508560864,2.190127970749543,JC-DT,0.6
79,PLR-BLOCKS,0.9321755027422303,0.4343595699313154,2.197440585009141,JC-DT,0.6
80,PLR-BLOCKS,0.935948905109489,0.4187189355590892,2.208029197080292,JC-DT,0.6
81,PLR-BLOCKS,0.9339416058394161,0.4123499060168472,2.18978102189781,JC-DT,0.6
82,PLR-BLOCKS,0.9405850091407678,0.4166407469359076,2.1681901279707496,JC-DT,0.6
83,PLR-BLOCKS,0.9325411334552103,0.4410079772631283,2.2394881170018284,JC-DT,0.6
84,PLR-BLOCKS,0.9338208409506399,0.42136359002815604,2.2303473491773307,JC-DT,0.6
85,PLR-BLOCKS,0.926508226691042,0.3993214582080282,2.206581352833638,JC-DT,0.6
86,PLR-BLOCKS,0.9349177330895796,0.4184083125362705,2.2248628884826327,JC-DT,0.6
87,PLR-BLOCKS,0.9210237659963437,0.4192649341712399,2.2084095063985374,JC-DT,0.6
88,PLR-BLOCKS,0.9349177330895795,0.41452105617637003,2.190127970749543,JC-DT,0.6
89,PLR-BLOCKS,0.9228519195612432,0.41549958484867194,2.223034734917733,JC-DT,0.6
90,PLR-BLOCKS,0.9388686131386861,0.4168547516821317,2.1715328467153285,JC-DT,0.6
91,PLR-BLOCKS,0.9268248175182482,0.44100954524209035,2.2226277372262775,JC-DT,0.6
92,PLR-BLOCKS,0.9279707495429617,0.43215356644617553,2.202925045703839,JC-DT,0.6
93,PLR-BLOCKS,0.9340036563071298,0.4137931040987632,2.2047531992687386,JC-DT,0.6
94,PLR-BLOCKS,0.930347349177331,0.42130229764993127,2.213893967093236,JC-DT,0.6
95,PLR-BLOCKS,0.9266910420475319,0.4295850393204834,2.197440585009141,JC-DT,0.6
96,PLR-BLOCKS,0.9287020109689214,0.40839049817821277,2.1882998171846437,JC-DT,0.6
97,PLR-BLOCKS,0.9294332723948812,0.414492559641104,2.235831809872029,JC-DT,0.6
98,PLR-BLOCKS,0.9310786106032907,0.3983811767881575,2.1480804387568555,JC-DT,0.6
99,PLR-BLOCKS,0.9351005484460695,0.40770876003340656,2.2084095063985374,JC-DT,0.6
100,PLR-BREAST,0.6121212121212121,0.3493341995945915,2.909090909090909,JC-DT,0.6
101,PLR-BREAST,0.5818181818181818,0.34111979711531865,3.0,JC-DT,0.6
102,PLR-BREAST,0.5333333333333334,0.3323487535665056,3.1818181818181817,JC-DT,0.6
103,PLR-BREAST,0.7212121212121212,0.38024571395891127,3.1818181818181817,JC-DT,0.6
104,PLR-BREAST,0.7515151515151515,0.35099422074112924,3.3636363636363638,JC-DT,0.6
105,PLR-BREAST,0.6484848484848486,0.34442062946535806,2.5454545454545454,JC-DT,0.6
106,PLR-BREAST,0.8133333333333332,0.36309004257757177,3.3,JC-DT,0.6
107,PLR-BREAST,0.54,0.33950834891488857,2.5,JC-DT,0.6
108,PLR-BREAST,0.7200000000000001,0.34362643378763863,3.1,JC-DT,0.6
109,PLR-BREAST,0.7066666666666668,0.35577486841073963,3.8,JC-DT,0.6
110,PLR-BREAST,0.4606060606060607,0.33203812734058935,2.5454545454545454,JC-DT,0.6
111,PLR-BREAST,0.7757575757575758,0.3540815118289878,3.0,JC-DT,0.6
112,PLR-BREAST,0.6484848484848486,0.3497209445016028,3.272727272727273,JC-DT,0.6
113,PLR-BREAST,0.7454545454545454,0.3365575359564432,3.0,JC-DT,0.6
114,PLR-BREAST,0.6363636363636364,0.3271802408146687,3.272727272727273,JC-DT,0.6
115,PLR-BREAST,0.6424242424242425,0.3627713797946601,3.0,JC-DT,0.6
116,PLR-BREAST,0.7133333333333333,0.36956710484596156,3.7,JC-DT,0.6
117,PLR-BREAST,0.6533333333333333,0.3686179512525155,3.2,JC-DT,0.6
118,PLR-BREAST,0.8400000000000001,0.3613591551344163,4.0,JC-DT,0.6
119,PLR-BREAST,0.6000000000000001,0.3644506400144745,2.7,JC-DT,0.6
120,PLR-BREAST,0.5696969696969696,0.3635918494532914,3.0,JC-DT,0.6
121,PLR-BREAST,0.6121212121212122,0.37640443806157214,3.1818181818181817,JC-DT,0.6
122,PLR-BREAST,0.5757575757575757,0.36970050445406,3.272727272727273,JC-DT,0.6
123,PLR-BREAST,0.6787878787878787,0.36828332026068006,2.8181818181818183,JC-DT,0.6
124,PLR-BREAST,0.703030303030303,0.3502354950743874,3.0,JC-DT,0.6
125,PLR-BREAST,0.7393939393939394,0.35833143878393364,4.454545454545454,JC-DT,0.6
126,PLR-BREAST,0.5733333333333333,0.4160213804812294,2.7,JC-DT,0.6
127,PLR-BREAST,0.74,0.3725977012890128,3.9,JC-DT,0.6
128,PLR-BREAST,0.58,0.37218884053207074,3.1,JC-DT,0.6
129,PLR-BREAST,0.6,0.3695309229508706,3.4,JC-DT,0.6
130,PLR-BREAST,0.5272727272727272,0.4065543973497499,3.090909090909091,JC-DT,0.6
131,PLR-BREAST,0.5454545454545454,0.3640095273497679,2.909090909090909,JC-DT,0.6
132,PLR-BREAST,0.703030303030303,0.3777165590890033,3.0,JC-DT,0.6
133,PLR-BREAST,0.5454545454545455,0.3761828079406922,3.090909090909091,JC-DT,0.6
134,PLR-BREAST,0.5575757575757576,0.3920562574323361,3.090909090909091,JC-DT,0.6
135,PLR-BREAST,0.781818181818182,0.38634012087078207,3.090909090909091,JC-DT,0.6
136,PLR-BREAST,0.6266666666666667,0.3913408412071395,2.8,JC-DT,0.6
137,PLR-BREAST,0.6533333333333333,0.3792324405706547,3.0,JC-DT,0.6
138,PLR-BREAST,0.5133333333333334,0.36116804954010134,2.7,JC-DT,0.6
139,PLR-BREAST,0.76,0.3724991906030473,3.0,JC-DT,0.6
140,PLR-BREAST,0.6060606060606061,0.3726783009543844,3.5454545454545454,JC-DT,0.6
141,PLR-BREAST,0.5757575757575757,0.3943611441259899,3.272727272727273,JC-DT,0.6
142,PLR-BREAST,0.5818181818181818,0.36959117548961473,2.6363636363636362,JC-DT,0.6
143,PLR-BREAST,0.6666666666666667,0.37095943038753404,3.090909090909091,JC-DT,0.6
144,PLR-BREAST,0.7272727272727273,0.3592328576525142,2.6363636363636362,JC-DT,0.6
145,PLR-BREAST,0.606060606060606,0.374132888139286,2.8181818181818183,JC-DT,0.6
146,PLR-BREAST,0.6133333333333334,0.3965887882955207,3.5,JC-DT,0.6
147,PLR-BREAST,0.74,0.3656496465225306,3.1,JC-DT,0.6
148,PLR-BREAST,0.5533333333333333,0.3756401629297577,2.8,JC-DT,0.6
149,PLR-BREAST,0.6333333333333333,0.3631898911096344,3.0,JC-DT,0.6
150,PLR-ECOLI,0.6680672268907564,0.5042862986346918,2.9411764705882355,JC-DT,0.6
151,PLR-ECOLI,0.68172268907563,0.5063201013420559,2.7941176470588234,JC-DT,0.6
152,PLR-ECOLI,0.6901260504201681,0.5059036963897386,3.5588235294117645,JC-DT,0.6
153,PLR-ECOLI,0.653361344537815,0.5071779332824377,3.2058823529411766,JC-DT,0.6
154,PLR-ECOLI,0.6617647058823528,0.5060370856121638,2.9411764705882355,JC-DT,0.6
155,PLR-ECOLI,0.7006302521008404,0.5026271361691875,3.2058823529411766,JC-DT,0.6
156,PLR-ECOLI,0.6428571428571428,0.5030038806958784,2.9696969696969697,JC-DT,0.6
157,PLR-ECOLI,0.7402597402597402,0.49153788257965164,3.6363636363636362,JC-DT,0.6
158,PLR-ECOLI,0.8062770562770563,0.5380753859681401,3.1515151515151514,JC-DT,0.6
159,PLR-ECOLI,0.6363636363636364,0.496635005818007,3.303030303030303,JC-DT,0.6
160,PLR-ECOLI,0.6722689075630252,0.5075509452022886,3.2058823529411766,JC-DT,0.6
161,PLR-ECOLI,0.6659663865546218,0.5069202905765644,3.323529411764706,JC-DT,0.6
162,PLR-ECOLI,0.6764705882352942,0.5049764073566262,3.3529411764705883,JC-DT,0.6
163,PLR-ECOLI,0.6901260504201681,0.5156382162010594,3.2058823529411766,JC-DT,0.6
164,PLR-ECOLI,0.713235294117647,0.5047378775008771,2.823529411764706,JC-DT,0.6
165,PLR-ECOLI,0.7153361344537814,0.5276637063402493,3.5,JC-DT,0.6
166,PLR-ECOLI,0.6829004329004329,0.537215032372305,3.4545454545454546,JC-DT,0.6
167,PLR-ECOLI,0.7489177489177489,0.5112845870737883,3.121212121212121,JC-DT,0.6
168,PLR-ECOLI,0.7326839826839826,0.5025085889655001,2.9696969696969697,JC-DT,0.6
169,PLR-ECOLI,0.7316017316017316,0.5039594517586786,3.303030303030303,JC-DT,0.6
170,PLR-ECOLI,0.6586134453781513,0.5092869760666704,3.5,JC-DT,0.6
171,PLR-ECOLI,0.7058823529411764,0.5079577315105215,3.676470588235294,JC-DT,0.6
172,PLR-ECOLI,0.7174369747899161,0.5114299991142645,3.3529411764705883,JC-DT,0.6
173,PLR-ECOLI,0.6743697478991595,0.5146207584284045,3.235294117647059,JC-DT,0.6
174,PLR-ECOLI,0.7163865546218487,0.5022929931804121,3.323529411764706,JC-DT,0.6
175,PLR-ECOLI,0.6565126050420167,0.5011453551582082,3.0294117647058822,JC-DT,0.6
176,PLR-ECOLI,0.7164502164502164,0.5241354347756118,3.242424242424242,JC-DT,0.6
177,PLR-ECOLI,0.656926406926407,0.5122974399943142,2.9696969696969697,JC-DT,0.6
178,PLR-ECOLI,0.712121212121212,0.4941049200271858,3.090909090909091,JC-DT,0.6
179,PLR-ECOLI,0.6439393939393939,0.5101371364587414,3.090909090909091,JC-DT,0.6
180,PLR-ECOLI,0.7090336134453782,0.5055161560205412,3.176470588235294,JC-DT,0.6
181,PLR-ECOLI,0.6701680672268906,0.4998563433738398,3.235294117647059,JC-DT,0.6
182,PLR-ECOLI,0.6796218487394958,0.5041455781836268,3.264705882352941,JC-DT,0.6
183,PLR-ECOLI,0.7268907563025211,0.5049623352333485,3.5,JC-DT,0.6
184,PLR-ECOLI,0.6638655462184874,0.5036649511477154,3.2058823529411766,JC-DT,0.6
185,PLR-ECOLI,0.8046218487394958,0.49497547716295964,3.235294117647059,JC-DT,0.6
186,PLR-ECOLI,0.670995670995671,0.5057981257359376,3.242424242424242,JC-DT,0.6
187,PLR-ECOLI,0.7099567099567099,0.514820240475561,3.272727272727273,JC-DT,0.6
188,PLR-ECOLI,0.7132034632034631,0.5022435524822145,3.212121212121212,JC-DT,0.6
189,PLR-ECOLI,0.6699134199134199,0.514032221746864,3.121212121212121,JC-DT,0.6
190,PLR-ECOLI,0.7142857142857143,0.5057681909777444,3.0588235294117645,JC-DT,0.6
191,PLR-ECOLI,0.7384453781512605,0.5369026671450892,3.2941176470588234,JC-DT,0.6
192,PLR-ECOLI,0.6932773109243697,0.5063977754705359,3.2058823529411766,JC-DT,0.6
193,PLR-ECOLI,0.6491596638655461,0.5030344063856521,3.1176470588235294,JC-DT,0.6
194,PLR-ECOLI,0.7773109243697479,0.5208065370251559,3.4411764705882355,JC-DT,0.6
195,PLR-ECOLI,0.7016806722689075,0.5213818715580771,3.676470588235294,JC-DT,0.6
196,PLR-ECOLI,0.7164502164502163,0.5134809003258946,3.606060606060606,JC-DT,0.6
197,PLR-ECOLI,0.7554112554112553,0.5238194899148205,2.757575757575758,JC-DT,0.6
198,PLR-ECOLI,0.6850649350649349,0.532843552080517,3.3333333333333335,JC-DT,0.6
199,PLR-ECOLI,0.670995670995671,0.533436522932148,3.242424242424242,JC-DT,0.6
200,PLR-GLASS,0.6181818181818182,0.3649598868537364,3.090909090909091,JC-DT,0.6
201,PLR-GLASS,0.6878787878787879,0.37775985230185477,3.090909090909091,JC-DT,0.6
202,PLR-GLASS,0.6636363636363636,0.36051497890801665,3.5,JC-DT,0.6
203,PLR-GLASS,0.6030303030303029,0.39962429352522766,3.6363636363636362,JC-DT,0.6
204,PLR-GLASS,0.7174603174603175,0.3900643882987331,3.2857142857142856,JC-DT,0.6
205,PLR-GLASS,0.7428571428571428,0.3623521919384379,4.0476190476190474,JC-DT,0.6
206,PLR-GLASS,0.6063492063492062,0.36425464720795314,3.5238095238095237,JC-DT,0.6
207,PLR-GLASS,0.580952380952381,0.37678805714701274,3.238095238095238,JC-DT,0.6
208,PLR-GLASS,0.6507936507936508,0.36704603120304596,3.1904761904761907,JC-DT,0.6
209,PLR-GLASS,0.6063492063492062,0.3600629208837969,2.9047619047619047,JC-DT,0.6
210,PLR-GLASS,0.5121212121212121,0.3926315104514555,3.272727272727273,JC-DT,0.6
211,PLR-GLASS,0.6515151515151515,0.37360173984564937,3.4545454545454546,JC-DT,0.6
212,PLR-GLASS,0.6242424242424242,0.36956987026061333,3.3181818181818183,JC-DT,0.6
213,PLR-GLASS,0.6636363636363636,0.37726652912188857,3.6363636363636362,JC-DT,0.6
214,PLR-GLASS,0.7333333333333334,0.38677683487968334,3.142857142857143,JC-DT,0.6
215,PLR-GLASS,0.6666666666666665,0.4019831588380088,3.0952380952380953,JC-DT,0.6
216,PLR-GLASS,0.5523809523809524,0.36884240132537055,3.0,JC-DT,0.6
217,PLR-GLASS,0.6126984126984126,0.3724470136681718,3.0952380952380953,JC-DT,0.6
218,PLR-GLASS,0.6444444444444445,0.3742791498010291,3.5238095238095237,JC-DT,0.6
219,PLR-GLASS,0.6,0.36523853710169396,2.5714285714285716,JC-DT,0.6
220,PLR-GLASS,0.6575757575757577,0.36876515018870004,2.8181818181818183,JC-DT,0.6
221,PLR-GLASS,0.6424242424242425,0.3815156628607186,3.6363636363636362,JC-DT,0.6
222,PLR-GLASS,0.6303030303030304,0.3715601593437309,2.8636363636363638,JC-DT,0.6
223,PLR-GLASS,0.7484848484848485,0.375888498128574,3.090909090909091,JC-DT,0.6
224,PLR-GLASS,0.6857142857142856,0.3737020109762442,3.238095238095238,JC-DT,0.6
225,PLR-GLASS,0.726984126984127,0.37131817354340035,3.5714285714285716,JC-DT,0.6
226,PLR-GLASS,0.6666666666666666,0.37022634022103773,3.2857142857142856,JC-DT,0.6
227,PLR-GLASS,0.6444444444444445,0.37545063992147837,3.3333333333333335,JC-DT,0.6
228,PLR-GLASS,0.6158730158730158,0.36411010013775846,3.2857142857142856,JC-DT,0.6
229,PLR-GLASS,0.6222222222222221,0.3778054194933396,3.7142857142857144,JC-DT,0.6
230,PLR-GLASS,0.5878787878787878,0.40390891176230737,3.1818181818181817,JC-DT,0.6
231,PLR-GLASS,0.5242424242424243,0.36705001976947293,2.8181818181818183,JC-DT,0.6
232,PLR-GLASS,0.7000000000000001,0.36825853958954025,3.227272727272727,JC-DT,0.6
233,PLR-GLASS,0.5606060606060607,0.3919153403410615,2.6363636363636362,JC-DT,0.6
234,PLR-GLASS,0.7238095238095239,0.37199934945381896,3.380952380952381,JC-DT,0.6
235,PLR-GLASS,0.6793650793650793,0.3846277369049728,3.3333333333333335,JC-DT,0.6
236,PLR-GLASS,0.6380952380952382,0.372032341347742,3.1904761904761907,JC-DT,0.6
237,PLR-GLASS,0.7746031746031745,0.3845127839284868,3.8095238095238093,JC-DT,0.6
238,PLR-GLASS,0.711111111111111,0.36837827840300225,3.380952380952381,JC-DT,0.6
239,PLR-GLASS,0.6793650793650793,0.3953334137227374,3.4761904761904763,JC-DT,0.6
240,PLR-GLASS,0.5333333333333333,0.37197540913721405,3.6363636363636362,JC-DT,0.6
241,PLR-GLASS,0.603030303030303,0.37122333171536925,2.909090909090909,JC-DT,0.6
242,PLR-GLASS,0.7000000000000001,0.3836129325226418,3.1818181818181817,JC-DT,0.6
243,PLR-GLASS,0.6484848484848486,0.36656411719748,3.4545454545454546,JC-DT,0.6
244,PLR-GLASS,0.5904761904761904,0.37095414809387117,3.1904761904761907,JC-DT,0.6
245,PLR-GLASS,0.6507936507936508,0.37477223080186106,3.0,JC-DT,0.6
246,PLR-GLASS,0.673015873015873,0.38192322656626815,3.4285714285714284,JC-DT,0.6
247,PLR-GLASS,0.6476190476190476,0.3577864405120112,3.380952380952381,JC-DT,0.6
248,PLR-GLASS,0.6984126984126984,0.37252440321467795,3.761904761904762,JC-DT,0.6
249,PLR-GLASS,0.7174603174603175,0.3688201309705294,3.4285714285714284,JC-DT,0.6
250,PLR-IRIS,0.8444444444444443,0.20837125520761332,2.6,JC-DT,0.6
251,PLR-IRIS,0.8666666666666667,0.20649217173705936,2.2666666666666666,JC-DT,0.6
252,PLR-IRIS,0.8444444444444444,0.20636818794828077,2.6666666666666665,JC-DT,0.6
253,PLR-IRIS,0.8444444444444444,0.20582273442665508,2.466666666666667,JC-DT,0.6
254,PLR-IRIS,0.8888888888888888,0.20571325673555854,2.533333333333333,JC-DT,0.6
255,PLR-IRIS,0.911111111111111,0.2069418420724076,2.3333333333333335,JC-DT,0.6
256,PLR-IRIS,0.7777777777777778,0.20784347956340601,2.066666666666667,JC-DT,0.6
257,PLR-IRIS,0.8666666666666666,0.20713396633870165,2.2,JC-DT,0.6
258,PLR-IRIS,0.8888888888888888,0.20579909129293783,2.3333333333333335,JC-DT,0.6
259,PLR-IRIS,0.9333333333333332,0.20637131819683316,2.3333333333333335,JC-DT,0.6
260,PLR-IRIS,0.8888888888888888,0.2071052195750851,2.466666666666667,JC-DT,0.6
261,PLR-IRIS,0.8222222222222221,0.20899332288610872,2.2666666666666666,JC-DT,0.6
262,PLR-IRIS,0.7999999999999999,0.20680414406084208,2.4,JC-DT,0.6
263,PLR-IRIS,0.911111111111111,0.20702290693883718,2.466666666666667,JC-DT,0.6
264,PLR-IRIS,0.8666666666666666,0.20707509265716673,2.4,JC-DT,0.6
265,PLR-IRIS,0.9333333333333332,0.20684565262350157,2.2,JC-DT,0.6
266,PLR-IRIS,0.8666666666666666,0.20722980476788033,2.1333333333333333,JC-DT,0.6
267,PLR-IRIS,0.9555555555555555,0.20707567213258088,2.4,JC-DT,0.6
268,PLR-IRIS,0.8666666666666666,0.2074254782097925,2.533333333333333,JC-DT,0.6
269,PLR-IRIS,0.7333333333333333,0.2071590306889248,2.8,JC-DT,0.6
270,PLR-IRIS,0.8666666666666666,0.20712598340419594,2.2,JC-DT,0.6
271,PLR-IRIS,0.7999999999999999,0.20649683051760112,2.2,JC-DT,0.6
272,PLR-IRIS,0.9333333333333332,0.207186681545587,2.533333333333333,JC-DT,0.6
273,PLR-IRIS,0.9777777777777777,0.20716067673676386,2.4,JC-DT,0.6
274,PLR-IRIS,0.7999999999999999,0.2073146473426669,2.533333333333333,JC-DT,0.6
275,PLR-IRIS,0.8222222222222223,0.20687848126428435,2.6,JC-DT,0.6
276,PLR-IRIS,0.8888888888888888,0.18946551936508815,2.4,JC-DT,0.6
277,PLR-IRIS,0.888888888888889,0.20686329062674674,2.2,JC-DT,0.6
278,PLR-IRIS,0.8444444444444443,0.20752275296122646,2.3333333333333335,JC-DT,0.6
279,PLR-IRIS,0.8222222222222223,0.20719330832457822,2.533333333333333,JC-DT,0.6
280,PLR-IRIS,0.7111111111111111,0.20771059910210715,2.2,JC-DT,0.6
281,PLR-IRIS,0.8222222222222223,0.21320398917255434,2.7333333333333334,JC-DT,0.6
282,PLR-IRIS,0.8666666666666667,0.20699596125365205,2.2666666666666666,JC-DT,0.6
283,PLR-IRIS,0.7777777777777778,0.206807731975989,2.1333333333333333,JC-DT,0.6
284,PLR-IRIS,0.8444444444444442,0.21424364401018503,2.466666666666667,JC-DT,0.6
285,PLR-IRIS,0.9333333333333332,0.21577042890755851,2.3333333333333335,JC-DT,0.6
286,PLR-IRIS,0.9111111111111111,0.20979544083157708,2.3333333333333335,JC-DT,0.6
287,PLR-IRIS,0.8222222222222222,0.21041244500301795,2.4,JC-DT,0.6
288,PLR-IRIS,0.911111111111111,0.2121040782214424,2.4,JC-DT,0.6
289,PLR-IRIS,0.8222222222222222,0.2109809944198822,2.4,JC-DT,0.6
290,PLR-IRIS,0.8,0.21238029806783496,2.2666666666666666,JC-DT,0.6
291,PLR-IRIS,0.8444444444444444,0.20729738778403717,2.533333333333333,JC-DT,0.6
292,PLR-IRIS,0.8444444444444443,0.20898018327524454,2.3333333333333335,JC-DT,0.6
293,PLR-IRIS,0.8888888888888887,0.21057222518159963,2.6666666666666665,JC-DT,0.6
294,PLR-IRIS,0.8444444444444444,0.21067175652205083,2.533333333333333,JC-DT,0.6
295,PLR-IRIS,0.911111111111111,0.21179058523837596,2.4,JC-DT,0.6
296,PLR-IRIS,0.8666666666666667,0.21687233571162423,2.2666666666666666,JC-DT,0.6
297,PLR-IRIS,0.9555555555555555,0.21016854900316662,2.466666666666667,JC-DT,0.6
298,PLR-IRIS,0.911111111111111,0.20975496896169124,2.4,JC-DT,0.6
299,PLR-IRIS,0.8222222222222222,0.2096608356350493,2.6,JC-DT,0.6
300,PLR-LETTER,0.6671953846153846,2.559914215161542,4.1035,JC-DT,0.6
301,PLR-LETTER,0.6619400000000001,2.5489865847031554,4.0735,JC-DT,0.6
302,PLR-LETTER,0.6582723076923077,2.595031700771974,4.08,JC-DT,0.6
303,PLR-LETTER,0.6619584615384615,2.587104518182554,4.083,JC-DT,0.6
304,PLR-LETTER,0.6582446153846153,2.6014406381848802,4.149,JC-DT,0.6
305,PLR-LETTER,0.6521907692307694,2.559580434171901,4.1805,JC-DT,0.6
306,PLR-LETTER,0.6547384615384615,2.6095471015094134,4.161,JC-DT,0.6
307,PLR-LETTER,0.6671246153846153,2.5800528748475204,4.1045,JC-DT,0.6
308,PLR-LETTER,0.6625846153846153,2.5469249916310313,4.0865,JC-DT,0.6
309,PLR-LETTER,0.6520769230769231,2.5411122053157262,4.0985,JC-DT,0.6
310,PLR-LETTER,0.6576123076923077,2.5683342891862266,4.0665,JC-DT,0.6
311,PLR-LETTER,0.6621507692307691,2.6110545354293064,4.102,JC-DT,0.6
312,PLR-LETTER,0.6580046153846154,2.5706346284484995,4.147,JC-DT,0.6
313,PLR-LETTER,0.6645369230769231,2.570195730682193,4.1115,JC-DT,0.6
314,PLR-LETTER,0.6548353846153846,2.5520224783492225,4.1275,JC-DT,0.6
315,PLR-LETTER,0.6563923076923077,2.5697928780334887,4.135,JC-DT,0.6
316,PLR-LETTER,0.667656923076923,2.5458302971675204,4.1215,JC-DT,0.6
317,PLR-LETTER,0.65124,2.568529373203533,4.101,JC-DT,0.6
318,PLR-LETTER,0.6609138461538462,2.566594038018753,4.065,JC-DT,0.6
319,PLR-LETTER,0.6650892307692308,2.580962368380007,4.068,JC-DT,0.6
320,PLR-LETTER,0.6569538461538461,2.5424346504859563,4.0535,JC-DT,0.6
321,PLR-LETTER,0.6613476923076923,2.5714530792907713,4.077,JC-DT,0.6
322,PLR-LETTER,0.6602353846153847,2.5110096029267868,4.123,JC-DT,0.6
323,PLR-LETTER,0.6558984615384615,2.5783604247643286,4.129,JC-DT,0.6
324,PLR-LETTER,0.6568092307692308,2.5776775413137383,4.08,JC-DT,0.6
325,PLR-LETTER,0.6579907692307693,2.633337369008053,4.1495,JC-DT,0.6
326,PLR-LETTER,0.6635676923076924,2.556986392023178,4.0765,JC-DT,0.6
327,PLR-LETTER,0.6563892307692307,2.5438818111326267,4.0465,JC-DT,0.6
328,PLR-LETTER,0.6605999999999999,2.5715912262650824,4.1015,JC-DT,0.6
329,PLR-LETTER,0.658666153846154,2.5634080377513966,4.134,JC-DT,0.6
330,PLR-LETTER,0.6661415384615385,2.569930244969745,4.013,JC-DT,0.6
331,PLR-LETTER,0.6537369230769231,2.5850525878568837,4.136,JC-DT,0.6
332,PLR-LETTER,0.6569723076923077,2.62545297539792,4.0765,JC-DT,0.6
333,PLR-LETTER,0.6560338461538461,2.572401965478514,4.211,JC-DT,0.6
334,PLR-LETTER,0.6573507692307692,2.582646905792901,4.089,JC-DT,0.6
335,PLR-LETTER,0.6586738461538462,2.5356363290097725,4.076,JC-DT,0.6
336,PLR-LETTER,0.664,2.5622141690313267,4.1365,JC-DT,0.6
337,PLR-LETTER,0.6559553846153847,2.5553068001707118,4.102,JC-DT,0.6
338,PLR-LETTER,0.6687707692307693,2.55218858590339,4.1305,JC-DT,0.6
339,PLR-LETTER,0.6597553846153846,2.590825087882466,4.0875,JC-DT,0.6
340,PLR-LETTER,0.6594230769230769,2.648300667975694,4.1355,JC-DT,0.6
341,PLR-LETTER,0.6559584615384615,2.600271647926922,4.072,JC-DT,0.6
342,PLR-LETTER,0.6579230769230769,2.577800863919281,4.1005,JC-DT,0.6
343,PLR-LETTER,0.6569707692307692,2.560135882914101,4.134,JC-DT,0.6
344,PLR-LETTER,0.6601107692307692,2.548733540408053,4.0105,JC-DT,0.6
345,PLR-LETTER,0.6532738461538461,2.5842366435797532,4.0755,JC-DT,0.6
346,PLR-LETTER,0.6692138461538462,2.624109933865735,4.077,JC-DT,0.6
347,PLR-LETTER,0.6603184615384615,2.5812162301955035,4.077,JC-DT,0.6
348,PLR-LETTER,0.6685784615384617,2.558940810376556,4.08,JC-DT,0.6
349,PLR-LETTER,0.6521184615384614,2.5859301871829037,4.098,JC-DT,0.6
350,PLR-LIBRAS,0.4812169312169312,0.9550187835939203,4.0,JC-DT,0.6
351,PLR-LIBRAS,0.4804232804232805,0.9489170395705724,3.75,JC-DT,0.6
352,PLR-LIBRAS,0.4783068783068782,0.9723874603346768,4.055555555555555,JC-DT,0.6
353,PLR-LIBRAS,0.5177248677248676,0.9753296755424226,4.111111111111111,JC-DT,0.6
354,PLR-LIBRAS,0.5074074074074074,0.9745060661645399,4.083333333333333,JC-DT,0.6
355,PLR-LIBRAS,0.5076719576719575,0.9694721398766577,4.027777777777778,JC-DT,0.6
356,PLR-LIBRAS,0.47910052910052897,0.9733676098891864,4.194444444444445,JC-DT,0.6
357,PLR-LIBRAS,0.5010582010582012,0.9688407758741556,4.027777777777778,JC-DT,0.6
358,PLR-LIBRAS,0.5357142857142857,0.9598076395764332,4.777777777777778,JC-DT,0.6
359,PLR-LIBRAS,0.4783068783068783,0.9737214216530398,4.416666666666667,JC-DT,0.6
360,PLR-LIBRAS,0.4505291005291005,0.9641124317234598,4.083333333333333,JC-DT,0.6
361,PLR-LIBRAS,0.4796296296296298,0.9817677668283319,4.194444444444445,JC-DT,0.6
362,PLR-LIBRAS,0.4293650793650794,0.9594095210088736,3.888888888888889,JC-DT,0.6
363,PLR-LIBRAS,0.5084656084656085,0.9766458718355024,3.888888888888889,JC-DT,0.6
364,PLR-LIBRAS,0.5298941798941799,0.9712666183909613,4.194444444444445,JC-DT,0.6
365,PLR-LIBRAS,0.5214285714285715,0.9847012491098711,4.25,JC-DT,0.6
366,PLR-LIBRAS,0.525132275132275,0.9609140705610831,4.055555555555555,JC-DT,0.6
367,PLR-LIBRAS,0.5246031746031744,0.9784851429656728,4.222222222222222,JC-DT,0.6
368,PLR-LIBRAS,0.521957671957672,0.9646667839145768,4.027777777777778,JC-DT,0.6
369,PLR-LIBRAS,0.4650793650793651,0.9714752189254753,4.472222222222222,JC-DT,0.6
370,PLR-LIBRAS,0.46931216931216935,0.9643422971200168,4.055555555555555,JC-DT,0.6
371,PLR-LIBRAS,0.5367724867724868,0.968218426294444,4.305555555555555,JC-DT,0.6
372,PLR-LIBRAS,0.4584656084656084,0.9622479586938197,4.055555555555555,JC-DT,0.6
373,PLR-LIBRAS,0.5002645502645503,0.9603036124137212,4.083333333333333,JC-DT,0.6
374,PLR-LIBRAS,0.5470899470899471,0.97720504245476,4.111111111111111,JC-DT,0.6
375,PLR-LIBRAS,0.5140211640211639,0.9835421511105837,4.5,JC-DT,0.6
376,PLR-LIBRAS,0.4788359788359787,1.075084531086875,4.361111111111111,JC-DT,0.6
377,PLR-LIBRAS,0.46322751322751315,0.9834481613142222,3.6944444444444446,JC-DT,0.6
378,PLR-LIBRAS,0.5269841269841269,0.9638592179274739,4.138888888888889,JC-DT,0.6
379,PLR-LIBRAS,0.4462962962962963,0.9750699795432675,3.861111111111111,JC-DT,0.6
380,PLR-LIBRAS,0.4936507936507938,1.02799839980492,4.166666666666667,JC-DT,0.6
381,PLR-LIBRAS,0.5148148148148147,0.9573488512530937,3.9722222222222223,JC-DT,0.6
382,PLR-LIBRAS,0.45978835978835975,0.9602090855552894,4.305555555555555,JC-DT,0.6
383,PLR-LIBRAS,0.49179894179894174,0.9732333378942809,4.305555555555555,JC-DT,0.6
384,PLR-LIBRAS,0.5084656084656084,0.9931505329007368,4.222222222222222,JC-DT,0.6
385,PLR-LIBRAS,0.4616402116402117,0.9692476169739525,3.9444444444444446,JC-DT,0.6
386,PLR-LIBRAS,0.4732804232804232,0.9774158833335331,4.138888888888889,JC-DT,0.6
387,PLR-LIBRAS,0.5195767195767196,0.9842512997286487,4.138888888888889,JC-DT,0.6
388,PLR-LIBRAS,0.53015873015873,0.9814419335780409,4.416666666666667,JC-DT,0.6
389,PLR-LIBRAS,0.5576719576719575,0.9954998377817268,4.694444444444445,JC-DT,0.6
390,PLR-LIBRAS,0.5740740740740742,0.9734500064259812,4.777777777777778,JC-DT,0.6
391,PLR-LIBRAS,0.47195767195767185,0.9601010254038066,4.277777777777778,JC-DT,0.6
392,PLR-LIBRAS,0.5256613756613756,0.9805053436896973,4.083333333333333,JC-DT,0.6
393,PLR-LIBRAS,0.47804232804232805,0.9665787055418374,3.9722222222222223,JC-DT,0.6
394,PLR-LIBRAS,0.49312169312169307,0.9760486161022639,4.25,JC-DT,0.6
395,PLR-LIBRAS,0.45793650793650786,0.9658413161589305,4.388888888888889,JC-DT,0.6
396,PLR-LIBRAS,0.49365079365079356,0.9811315406197308,4.222222222222222,JC-DT,0.6
397,PLR-LIBRAS,0.5021164021164021,0.9747132947715201,3.9166666666666665,JC-DT,0.6
398,PLR-LIBRAS,0.46190476190476193,0.9824193905911306,4.083333333333333,JC-DT,0.6
399,PLR-LIBRAS,0.4835978835978836,0.9848717616955615,4.5,JC-DT,0.6
400,PLR-PENDIGITS,0.7844848484848486,0.9013921227711547,2.6963636363636363,JC-DT,0.6
401,PLR-PENDIGITS,0.7881818181818182,0.8907667691479698,2.6963636363636363,JC-DT,0.6
402,PLR-PENDIGITS,0.7977555353351532,0.8840036628921336,2.7015468607825297,JC-DT,0.6
403,PLR-PENDIGITS,0.7768678596704075,0.8977825956195089,2.686078252957234,JC-DT,0.6
404,PLR-PENDIGITS,0.7788696795066221,0.8947413039577835,2.727024567788899,JC-DT,0.6
405,PLR-PENDIGITS,0.7767667576584774,0.9160003558848009,2.683348498635123,JC-DT,0.6
406,PLR-PENDIGITS,0.7797998180163785,0.8840568669386736,2.662420382165605,JC-DT,0.6
407,PLR-PENDIGITS,0.7943382873319178,0.8988328059198198,2.6578707916287536,JC-DT,0.6
408,PLR-PENDIGITS,0.7937114548579516,0.8720522094370202,2.7142857142857144,JC-DT,0.6
409,PLR-PENDIGITS,0.794722474977252,0.889425508414795,2.6906278434940853,JC-DT,0.6
410,PLR-PENDIGITS,0.7937777777777778,0.931100412950668,2.7245454545454546,JC-DT,0.6
411,PLR-PENDIGITS,0.7762222222222223,0.9011298435713719,2.7381818181818183,JC-DT,0.6
412,PLR-PENDIGITS,0.7907794965119805,0.8947238557131487,2.6578707916287536,JC-DT,0.6
413,PLR-PENDIGITS,0.7871600444848852,0.8950955457308633,2.6815286624203822,JC-DT,0.6
414,PLR-PENDIGITS,0.7886563542614499,0.8828205378376693,2.710646041856233,JC-DT,0.6
415,PLR-PENDIGITS,0.8014760893741786,0.8756908101643519,2.653321201091902,JC-DT,0.6
416,PLR-PENDIGITS,0.7873622485087454,0.886106639183191,2.699727024567789,JC-DT,0.6
417,PLR-PENDIGITS,0.786331007987059,0.880237473070994,2.6751592356687897,JC-DT,0.6
418,PLR-PENDIGITS,0.7898695784046103,0.8690736228955838,2.696997270245678,JC-DT,0.6
419,PLR-PENDIGITS,0.7781821858254979,0.8731475803065802,2.691537761601456,JC-DT,0.6
420,PLR-PENDIGITS,0.7951717171717172,0.8696585847402326,2.692727272727273,JC-DT,0.6
421,PLR-PENDIGITS,0.7895757575757576,0.8735529606156425,2.6945454545454544,JC-DT,0.6
422,PLR-PENDIGITS,0.7871398240824992,0.8704203984197122,2.6442220200181983,JC-DT,0.6
423,PLR-PENDIGITS,0.7778384389849358,0.8631885564465104,2.6760691537761603,JC-DT,0.6
424,PLR-PENDIGITS,0.7884541502375898,0.8840121102035615,2.731574158325751,JC-DT,0.6
425,PLR-PENDIGITS,0.7850773430391265,0.909514093895726,2.6878980891719744,JC-DT,0.6
426,PLR-PENDIGITS,0.7874026893135174,0.9017233555758535,2.6760691537761603,JC-DT,0.6
427,PLR-PENDIGITS,0.7858659387321808,0.8913609572021538,2.683348498635123,JC-DT,0.6
428,PLR-PENDIGITS,0.7890809827115559,0.8727167513149682,2.7070063694267517,JC-DT,0.6
429,PLR-PENDIGITS,0.7796582751996765,0.8947330417505929,2.683348498635123,JC-DT,0.6
430,PLR-PENDIGITS,0.7864444444444444,0.908635058768562,2.6645454545454546,JC-DT,0.6
431,PLR-PENDIGITS,0.794969696969697,0.8527474520625458,2.68,JC-DT,0.6
432,PLR-PENDIGITS,0.7905570720857343,0.8750462467767667,2.7306642402183803,JC-DT,0.6
433,PLR-PENDIGITS,0.7883530482256595,0.9231270692644801,2.713375796178344,JC-DT,0.6
434,PLR-PENDIGITS,0.7926802143362653,0.8995377340560061,2.6715195632393085,JC-DT,0.6
435,PLR-PENDIGITS,0.7909412597310687,0.9045147599690322,2.742493175614195,JC-DT,0.6
436,PLR-PENDIGITS,0.7879688605803257,0.8951375319044916,2.7151956323930846,JC-DT,0.6
437,PLR-PENDIGITS,0.7842483065413002,0.8859367471704153,2.656960873521383,JC-DT,0.6
438,PLR-PENDIGITS,0.7846931553937923,0.8844682453287871,2.6906278434940853,JC-DT,0.6
439,PLR-PENDIGITS,0.7897482559902943,0.8900852599646059,2.732484076433121,JC-DT,0.6
440,PLR-PENDIGITS,0.7936565656565656,0.8767198275231776,2.671818181818182,JC-DT,0.6
441,PLR-PENDIGITS,0.7903838383838384,0.8586398779473029,2.68,JC-DT,0.6
442,PLR-PENDIGITS,0.7930846223839855,0.8731204430168307,2.689717925386715,JC-DT,0.6
443,PLR-PENDIGITS,0.7960974623395005,0.8395174125741619,2.6733393994540493,JC-DT,0.6
444,PLR-PENDIGITS,0.7816803154382772,0.8602365709436871,2.7233848953594175,JC-DT,0.6
445,PLR-PENDIGITS,0.7882519462137296,0.8725041833694773,2.706096451319381,JC-DT,0.6
446,PLR-PENDIGITS,0.7765847740370032,0.8665721378041843,2.7124658780709736,JC-DT,0.6
447,PLR-PENDIGITS,0.7776160145586897,0.8533938463588703,2.7252047315741583,JC-DT,0.6
448,PLR-PENDIGITS,0.7835001516530178,0.8856498145415818,2.745222929936306,JC-DT,0.6
449,PLR-PENDIGITS,0.7811141441714691,0.8646206492004465,2.6660600545950865,JC-DT,0.6
450,PLR-SATIMAGE,0.8225672877846791,0.5630293065162211,2.892857142857143,JC-DT,0.6
451,PLR-SATIMAGE,0.8190476190476191,0.5628447654473666,2.9953416149068324,JC-DT,0.6
452,PLR-SATIMAGE,0.7997929606625258,0.5612270342870856,2.840062111801242,JC-DT,0.6
453,PLR-SATIMAGE,0.8075569358178053,0.5707849227270266,2.922360248447205,JC-DT,0.6
454,PLR-SATIMAGE,0.7997929606625258,0.5434756940381684,2.9425465838509317,JC-DT,0.6
455,PLR-SATIMAGE,0.8141005702436496,0.5631736641580752,2.968895800933126,JC-DT,0.6
456,PLR-SATIMAGE,0.7994815966822186,0.5556214034733434,2.8926905132192844,JC-DT,0.6
457,PLR-SATIMAGE,0.8083981337480559,0.5544382084704237,2.9051321928460343,JC-DT,0.6
458,PLR-SATIMAGE,0.8194919647485743,0.5552885916305332,2.947122861586314,JC-DT,0.6
459,PLR-SATIMAGE,0.8159668221876619,0.5619756658459104,2.912908242612753,JC-DT,0.6
460,PLR-SATIMAGE,0.8116977225672878,0.5703631790470083,2.875776397515528,JC-DT,0.6
461,PLR-SATIMAGE,0.815527950310559,0.5384699369478839,2.889751552795031,JC-DT,0.6
462,PLR-SATIMAGE,0.8028985507246376,0.5613580809082276,2.8959627329192545,JC-DT,0.6
463,PLR-SATIMAGE,0.8119047619047619,0.5524102053792467,2.9114906832298137,JC-DT,0.6
464,PLR-SATIMAGE,0.8041407867494824,0.5551699424541884,2.888198757763975,JC-DT,0.6
465,PLR-SATIMAGE,0.7982374287195437,0.5576014553314731,2.9409020217729394,JC-DT,0.6
466,PLR-SATIMAGE,0.8119232763089683,0.5783233723348936,2.9253499222395023,JC-DT,0.6
467,PLR-SATIMAGE,0.8032141005702437,0.5643718198009772,2.9300155520995332,JC-DT,0.6
468,PLR-SATIMAGE,0.8136858475894246,0.5698585482547333,2.9751166407465006,JC-DT,0.6
469,PLR-SATIMAGE,0.8108864696734058,0.576199376078314,2.849144634525661,JC-DT,0.6
470,PLR-SATIMAGE,0.7910973084886129,0.5841889796945634,2.8990683229813663,JC-DT,0.6
471,PLR-SATIMAGE,0.8015527950310559,0.5745288286776987,2.8447204968944098,JC-DT,0.6
472,PLR-SATIMAGE,0.8043478260869565,0.5763758079486618,2.877329192546584,JC-DT,0.6
473,PLR-SATIMAGE,0.8038302277432713,0.5522277329216966,2.812111801242236,JC-DT,0.6
474,PLR-SATIMAGE,0.8006211180124224,0.5538837838339383,2.9611801242236027,JC-DT,0.6
475,PLR-SATIMAGE,0.8022809745982374,0.5566164963338464,2.8724727838258164,JC-DT,0.6
476,PLR-SATIMAGE,0.7940902021772939,0.5673894077258721,2.9922239502332815,JC-DT,0.6
477,PLR-SATIMAGE,0.8045619491964747,0.5510529475373662,2.8522550544323484,JC-DT,0.6
478,PLR-SATIMAGE,0.8099533437013996,0.5580951675330433,2.8615863141524107,JC-DT,0.6
479,PLR-SATIMAGE,0.8042509072058063,0.5644791067679186,2.8662519440124417,JC-DT,0.6
480,PLR-SATIMAGE,0.8175983436853002,0.5656209030786333,2.87888198757764,JC-DT,0.6
481,PLR-SATIMAGE,0.8211180124223602,0.5592895877879835,2.9658385093167703,JC-DT,0.6
482,PLR-SATIMAGE,0.7942028985507247,0.5658505951112162,2.8835403726708075,JC-DT,0.6
483,PLR-SATIMAGE,0.8104554865424429,0.550883016639016,2.841614906832298,JC-DT,0.6
484,PLR-SATIMAGE,0.8087991718426499,0.5663202336065338,2.953416149068323,JC-DT,0.6
485,PLR-SATIMAGE,0.7846552617936754,0.5663526127859623,2.8615863141524107,JC-DT,0.6
486,PLR-SATIMAGE,0.8115085536547435,0.5820374042970475,2.8662519440124417,JC-DT,0.6
487,PLR-SATIMAGE,0.8131674442716432,0.5575226443786455,2.8973561430793158,JC-DT,0.6
488,PLR-SATIMAGE,0.8036288232244687,0.5564242446177076,2.9191290824261276,JC-DT,0.6
489,PLR-SATIMAGE,0.8039398652151373,0.5580444202685947,2.9300155520995332,JC-DT,0.6
490,PLR-SATIMAGE,0.805383022774327,0.5640209082917048,2.857142857142857,JC-DT,0.6
491,PLR-SATIMAGE,0.7951345755693581,0.5633440689370799,2.9161490683229814,JC-DT,0.6
492,PLR-SATIMAGE,0.7989648033126293,0.5674098730302544,2.9301242236024843,JC-DT,0.6
493,PLR-SATIMAGE,0.8052795031055899,0.5596026206134818,2.920807453416149,JC-DT,0.6
494,PLR-SATIMAGE,0.8021739130434783,0.5539585245972183,2.8540372670807455,JC-DT,0.6
495,PLR-SATIMAGE,0.815552099533437,0.5519585690981569,2.827371695178849,JC-DT,0.6
496,PLR-SATIMAGE,0.8130637636080872,0.568693340893561,2.894245723172628,JC-DT,0.6
497,PLR-SATIMAGE,0.8009331259720062,0.5853639483195516,2.9346811819595646,JC-DT,0.6
498,PLR-SATIMAGE,0.8036288232244687,0.5395231598315058,2.875583203732504,JC-DT,0.6
499,PLR-SATIMAGE,0.8142042509072057,0.5543825700657077,2.875583203732504,JC-DT,0.6
500,PLR-SEGMENT,0.8571428571428571,0.4646891670737878,2.6277056277056277,JC-DT,0.6
501,PLR-SEGMENT,0.8622964337250052,0.46847520105363427,2.6147186147186146,JC-DT,0.6
502,PLR-SEGMENT,0.8458049886621315,0.4654607738583888,2.588744588744589,JC-DT,0.6
503,PLR-SEGMENT,0.8264275407132549,0.4712913366451403,2.6493506493506493,JC-DT,0.6
504,PLR-SEGMENT,0.8583797155225728,0.4775840386685908,2.6666666666666665,JC-DT,0.6
505,PLR-SEGMENT,0.852607709750567,0.48273106074262356,2.658008658008658,JC-DT,0.6
506,PLR-SEGMENT,0.8495155638012781,0.4846638628841275,2.696969696969697,JC-DT,0.6
507,PLR-SEGMENT,0.8746650175221604,0.4819480563252744,2.688311688311688,JC-DT,0.6
508,PLR-SEGMENT,0.857761286332715,0.4830229487249932,2.6233766233766236,JC-DT,0.6
509,PLR-SEGMENT,0.8649762935477221,0.47405263634150185,2.606060606060606,JC-DT,0.6
510,PLR-SEGMENT,0.8592042877757163,0.45864838600085706,2.6103896103896105,JC-DT,0.6
511,PLR-SEGMENT,0.8218923933209648,0.4716712658006408,2.567099567099567,JC-DT,0.6
512,PLR-SEGMENT,0.836940836940837,0.48173311077849545,2.6926406926406927,JC-DT,0.6
513,PLR-SEGMENT,0.8528138528138528,0.46525811762165037,2.5844155844155843,JC-DT,0.6
514,PLR-SEGMENT,0.852401566687281,0.4646415930462253,2.5844155844155843,JC-DT,0.6
515,PLR-SEGMENT,0.8660070088641517,0.47071458230775426,2.601731601731602,JC-DT,0.6
516,PLR-SEGMENT,0.8352916924345496,0.48417792287470734,2.6623376623376624,JC-DT,0.6
517,PLR-SEGMENT,0.8864151721294578,0.48112295932586246,2.675324675324675,JC-DT,0.6
518,PLR-SEGMENT,0.86559472273758,0.4882975302008726,2.601731601731602,JC-DT,0.6
519,PLR-SEGMENT,0.8614718614718615,0.4802967457888731,2.645021645021645,JC-DT,0.6
520,PLR-SEGMENT,0.8563182848897134,0.470395922610059,2.7186147186147185,JC-DT,0.6
521,PLR-SEGMENT,0.8717790146361574,0.4866979453613432,2.601731601731602,JC-DT,0.6
522,PLR-SEGMENT,0.867656153370439,0.4650528840785131,2.5974025974025974,JC-DT,0.6
523,PLR-SEGMENT,0.8559059987631417,0.4619140125669307,2.7142857142857144,JC-DT,0.6
524,PLR-SEGMENT,0.8385899814471244,0.4710104171005422,2.653679653679654,JC-DT,0.6
525,PLR-SEGMENT,0.8738404452690166,0.47472859087135166,2.497835497835498,JC-DT,0.6
526,PLR-SEGMENT,0.821067821067821,0.4716720523978923,2.536796536796537,JC-DT,0.6
527,PLR-SEGMENT,0.8427128427128427,0.46787023202354555,2.601731601731602,JC-DT,0.6
528,PLR-SEGMENT,0.857349000206143,0.47909228862488856,2.7012987012987013,JC-DT,0.6
529,PLR-SEGMENT,0.8594104308390023,0.46247575718652445,2.502164502164502,JC-DT,0.6
530,PLR-SEGMENT,0.8577612863327149,0.4606627345519369,2.6926406926406927,JC-DT,0.6
531,PLR-SEGMENT,0.8449804164089879,0.46857246396485414,2.593073593073593,JC-DT,0.6
532,PLR-SEGMENT,0.8612657184085755,0.4528551192371927,2.58008658008658,JC-DT,0.6
533,PLR-SEGMENT,0.8437435580292721,0.48250877710959866,2.536796536796537,JC-DT,0.6
534,PLR-SEGMENT,0.8416821273964129,0.47056278856304146,2.6147186147186146,JC-DT,0.6
535,PLR-SEGMENT,0.8561121418264275,0.48636298788953647,2.5714285714285716,JC-DT,0.6
536,PLR-SEGMENT,0.8458049886621316,0.4640138381420108,2.7142857142857144,JC-DT,0.6
537,PLR-SEGMENT,0.8697175840032981,0.46311733824377505,2.70995670995671,JC-DT,0.6
538,PLR-SEGMENT,0.8247783962069676,0.4797759768916039,2.601731601731602,JC-DT,0.6
539,PLR-SEGMENT,0.8532261389404245,0.5002359373412346,2.5281385281385282,JC-DT,0.6
540,PLR-SEGMENT,0.8688930117501547,0.47452618580956774,2.6277056277056277,JC-DT,0.6
541,PLR-SEGMENT,0.8715728715728714,0.4746903211389017,2.601731601731602,JC-DT,0.6
542,PLR-SEGMENT,0.8447742733457019,0.4855308610190251,2.653679653679654,JC-DT,0.6
543,PLR-SEGMENT,0.8488971346114202,0.4757834003220101,2.588744588744589,JC-DT,0.6
544,PLR-SEGMENT,0.8534322820037105,0.4676458574516639,2.735930735930736,JC-DT,0.6
545,PLR-SEGMENT,0.852607709750567,0.46973438876630147,2.6363636363636362,JC-DT,0.6
546,PLR-SEGMENT,0.8556998556998556,0.46340809552778256,2.6147186147186146,JC-DT,0.6
547,PLR-SEGMENT,0.8767264481550195,0.4587220934267313,2.606060606060606,JC-DT,0.6
548,PLR-SEGMENT,0.854875283446712,0.4814993447357738,2.5757575757575757,JC-DT,0.6
549,PLR-SEGMENT,0.8701298701298701,0.4689695245948995,2.593073593073593,JC-DT,0.6
550,PLR-VEHICLE,0.6941176470588235,0.2782868358384879,2.988235294117647,JC-DT,0.6
551,PLR-VEHICLE,0.6352941176470588,0.29414128234628034,2.623529411764706,JC-DT,0.6
552,PLR-VEHICLE,0.6823529411764706,0.28981406106270635,2.976470588235294,JC-DT,0.6
553,PLR-VEHICLE,0.5862745098039216,0.2787411325986557,2.9411764705882355,JC-DT,0.6
554,PLR-VEHICLE,0.6078431372549019,0.27179559416726473,2.8117647058823527,JC-DT,0.6
555,PLR-VEHICLE,0.6411764705882353,0.2898006245824095,2.929411764705882,JC-DT,0.6
556,PLR-VEHICLE,0.7142857142857143,0.2840088290421346,2.738095238095238,JC-DT,0.6
557,PLR-VEHICLE,0.6964285714285714,0.262974799181474,2.9642857142857144,JC-DT,0.6
558,PLR-VEHICLE,0.6944444444444444,0.28146245755166593,2.7142857142857144,JC-DT,0.6
559,PLR-VEHICLE,0.6825396825396826,0.2882120191948493,2.7023809523809526,JC-DT,0.6
560,PLR-VEHICLE,0.7,0.2714935653232149,2.7411764705882353,JC-DT,0.6
561,PLR-VEHICLE,0.7274509803921569,0.2849828363446637,2.9176470588235293,JC-DT,0.6
562,PLR-VEHICLE,0.6607843137254901,0.2593495421432143,2.7411764705882353,JC-DT,0.6
563,PLR-VEHICLE,0.6196078431372549,0.2780562119232285,2.6705882352941175,JC-DT,0.6
564,PLR-VEHICLE,0.6588235294117646,0.26191791080939325,3.0,JC-DT,0.6
565,PLR-VEHICLE,0.5921568627450979,0.2533473879404258,2.7529411764705882,JC-DT,0.6
566,PLR-VEHICLE,0.6269841269841269,0.28114794329862886,2.738095238095238,JC-DT,0.6
567,PLR-VEHICLE,0.628968253968254,0.2806271529620384,2.630952380952381,JC-DT,0.6
568,PLR-VEHICLE,0.6805555555555556,0.28581163549751926,2.9285714285714284,JC-DT,0.6
569,PLR-VEHICLE,0.6170634920634919,0.2627520409119223,2.619047619047619,JC-DT,0.6
570,PLR-VEHICLE,0.6117647058823529,0.2773414483906718,2.9176470588235293,JC-DT,0.6
571,PLR-VEHICLE,0.6254901960784313,0.2782461518273085,2.764705882352941,JC-DT,0.6
572,PLR-VEHICLE,0.6901960784313727,0.27742285958087587,2.835294117647059,JC-DT,0.6
573,PLR-VEHICLE,0.7019607843137254,0.2844573500529526,2.764705882352941,JC-DT,0.6
574,PLR-VEHICLE,0.6568627450980392,0.28211510945515483,2.8705882352941177,JC-DT,0.6
575,PLR-VEHICLE,0.6529411764705881,0.27813514344984086,2.776470588235294,JC-DT,0.6
576,PLR-VEHICLE,0.6944444444444444,0.29002553850290225,2.630952380952381,JC-DT,0.6
577,PLR-VEHICLE,0.623015873015873,0.2838693396647278,2.619047619047619,JC-DT,0.6
578,PLR-VEHICLE,0.621031746031746,0.28379180928041065,2.7142857142857144,JC-DT,0.6
579,PLR-VEHICLE,0.5833333333333334,0.2844470091406608,2.738095238095238,JC-DT,0.6
580,PLR-VEHICLE,0.6647058823529413,0.28665992745465524,3.1882352941176473,JC-DT,0.6
581,PLR-VEHICLE,0.696078431372549,0.274810947754946,2.7058823529411766,JC-DT,0.6
582,PLR-VEHICLE,0.6588235294117647,0.29007125850996573,2.8117647058823527,JC-DT,0.6
583,PLR-VEHICLE,0.6647058823529413,0.2786056245113751,2.776470588235294,JC-DT,0.6
584,PLR-VEHICLE,0.7176470588235294,0.2778007522923746,2.8117647058823527,JC-DT,0.6
585,PLR-VEHICLE,0.6705882352941177,0.2757637394357157,2.7411764705882353,JC-DT,0.6
586,PLR-VEHICLE,0.7361111111111112,0.2797475272733647,2.7976190476190474,JC-DT,0.6
587,PLR-VEHICLE,0.6468253968253967,0.2753641243875956,2.6904761904761907,JC-DT,0.6
588,PLR-VEHICLE,0.6964285714285715,0.2779396463404015,2.75,JC-DT,0.6
589,PLR-VEHICLE,0.6706349206349207,0.2803788989806597,2.7261904761904763,JC-DT,0.6
590,PLR-VEHICLE,0.6235294117647058,0.2763991533809867,2.9647058823529413,JC-DT,0.6
591,PLR-VEHICLE,0.6607843137254903,0.2846668228151704,3.011764705882353,JC-DT,0.6
592,PLR-VEHICLE,0.680392156862745,0.2588611404003665,2.776470588235294,JC-DT,0.6
593,PLR-VEHICLE,0.6745098039215687,0.2787131536144376,2.6705882352941175,JC-DT,0.6
594,PLR-VEHICLE,0.6843137254901961,0.2752403386492778,2.623529411764706,JC-DT,0.6
595,PLR-VEHICLE,0.6745098039215688,0.2545875213234162,2.8705882352941177,JC-DT,0.6
596,PLR-VEHICLE,0.6746031746031745,0.28596262164758296,2.6666666666666665,JC-DT,0.6
597,PLR-VEHICLE,0.6666666666666666,0.294917839422152,2.7142857142857144,JC-DT,0.6
598,PLR-VEHICLE,0.6567460317460319,0.28154652368460936,2.7738095238095237,JC-DT,0.6
599,PLR-VEHICLE,0.6845238095238095,0.2856570618583079,3.011904761904762,JC-DT,0.6
600,PLR-VOWEL,0.6236706689536878,0.7119590781797318,4.509433962264151,JC-DT,0.6
601,PLR-VOWEL,0.5389365351629503,0.7079581272844372,4.113207547169812,JC-DT,0.6
602,PLR-VOWEL,0.6469982847341338,0.7059406512047505,4.528301886792453,JC-DT,0.6
603,PLR-VOWEL,0.576672384219554,0.7146411043252467,4.056603773584905,JC-DT,0.6
604,PLR-VOWEL,0.6216123499142368,0.7155658579194983,4.320754716981132,JC-DT,0.6
605,PLR-VOWEL,0.5485420240137221,0.7001519599391239,3.4716981132075473,JC-DT,0.6
606,PLR-VOWEL,0.6219554030874785,0.7173238473648476,4.415094339622642,JC-DT,0.6
607,PLR-VOWEL,0.5691252144082333,0.7174049428196287,3.8679245283018866,JC-DT,0.6
608,PLR-VOWEL,0.6265734265734266,0.722105929901416,4.211538461538462,JC-DT,0.6
609,PLR-VOWEL,0.6318181818181817,0.6992442627574815,4.673076923076923,JC-DT,0.6
610,PLR-VOWEL,0.5876500857632933,0.7070870024311294,4.245283018867925,JC-DT,0.6
611,PLR-VOWEL,0.6003430531732419,0.7076522012803098,4.0754716981132075,JC-DT,0.6
612,PLR-VOWEL,0.6408233276157804,0.7050319262337057,4.584905660377358,JC-DT,0.6
613,PLR-VOWEL,0.6082332761578044,0.7127597119533657,3.9056603773584904,JC-DT,0.6
614,PLR-VOWEL,0.6020583190394512,0.7128309982043207,4.132075471698113,JC-DT,0.6
615,PLR-VOWEL,0.5667238421955403,0.7072610960645992,4.339622641509434,JC-DT,0.6
616,PLR-VOWEL,0.5787307032590051,0.7084981503126515,4.150943396226415,JC-DT,0.6
617,PLR-VOWEL,0.6144082332761578,0.7120282480542965,4.018867924528302,JC-DT,0.6
618,PLR-VOWEL,0.5993006993006994,0.7061046508920471,4.115384615384615,JC-DT,0.6
619,PLR-VOWEL,0.6038461538461539,0.7126877717595416,3.826923076923077,JC-DT,0.6
620,PLR-VOWEL,0.5903945111492281,0.711291192112995,4.188679245283019,JC-DT,0.6
621,PLR-VOWEL,0.6102915951972555,0.7107227595820618,4.056603773584905,JC-DT,0.6
622,PLR-VOWEL,0.6284734133790737,0.70716783935281,4.264150943396227,JC-DT,0.6
623,PLR-VOWEL,0.6130360205831904,0.7114625598015261,4.113207547169812,JC-DT,0.6
624,PLR-VOWEL,0.6082332761578044,0.7064343883013453,4.226415094339623,JC-DT,0.6
625,PLR-VOWEL,0.59073756432247,0.7089905584828552,4.264150943396227,JC-DT,0.6
626,PLR-VOWEL,0.6226415094339623,0.7179950842443684,4.320754716981132,JC-DT,0.6
627,PLR-VOWEL,0.6157804459691253,0.7219488541435792,4.264150943396227,JC-DT,0.6
628,PLR-VOWEL,0.603146853146853,0.7098303452199152,4.134615384615385,JC-DT,0.6
629,PLR-VOWEL,0.5975524475524476,0.7087511890614697,4.3076923076923075,JC-DT,0.6
630,PLR-VOWEL,0.6240137221269296,0.7066920595378645,3.8867924528301887,JC-DT,0.6
631,PLR-VOWEL,0.5897084048027444,0.7091914988203997,4.09433962264151,JC-DT,0.6
632,PLR-VOWEL,0.5845626072041166,0.7004522895916528,3.6792452830188678,JC-DT,0.6
633,PLR-VOWEL,0.6205831903945112,0.7022155153444752,3.849056603773585,JC-DT,0.6
634,PLR-VOWEL,0.5732418524871354,0.7016275871138681,4.490566037735849,JC-DT,0.6
635,PLR-VOWEL,0.6205831903945113,0.704370449402486,3.811320754716981,JC-DT,0.6
636,PLR-VOWEL,0.6147512864493997,0.6996993082672468,4.415094339622642,JC-DT,0.6
637,PLR-VOWEL,0.6469982847341339,0.7124962863031589,4.566037735849057,JC-DT,0.6
638,PLR-VOWEL,0.5989510489510489,0.7049666821929651,4.096153846153846,JC-DT,0.6
639,PLR-VOWEL,0.6234265734265734,0.7085314305155512,4.3076923076923075,JC-DT,0.6
640,PLR-VOWEL,0.6133790737564322,0.7053668825508587,4.169811320754717,JC-DT,0.6
641,PLR-VOWEL,0.6137221269296742,0.7043438890341234,3.9245283018867925,JC-DT,0.6
642,PLR-VOWEL,0.5852487135506003,0.713892761552212,3.811320754716981,JC-DT,0.6
643,PLR-VOWEL,0.5989708404802745,0.7147856224207113,4.433962264150943,JC-DT,0.6
644,PLR-VOWEL,0.6075471698113208,0.7073995766060882,3.9056603773584904,JC-DT,0.6
645,PLR-VOWEL,0.5993138936535164,0.7118156404562427,4.056603773584905,JC-DT,0.6
646,PLR-VOWEL,0.6054888507718695,0.7145307852182937,4.245283018867925,JC-DT,0.6
647,PLR-VOWEL,0.5965694682675815,0.7038557835206565,4.056603773584905,JC-DT,0.6
648,PLR-VOWEL,0.6083916083916084,0.7190652459966723,3.8461538461538463,JC-DT,0.6
649,PLR-VOWEL,0.5993006993006994,0.7105588730024024,4.153846153846154,JC-DT,0.6
650,PLR-WINE,0.7777777777777777,0.20816496101789195,2.6666666666666665,JC-DT,0.6
651,PLR-WINE,0.7592592592592592,0.2063071496825702,2.9444444444444446,JC-DT,0.6
652,PLR-WINE,0.5,0.2058231231415101,1.9444444444444444,JC-DT,0.6
653,PLR-WINE,0.3333333333333333,0.20656341642873602,2.7777777777777777,JC-DT,0.6
654,PLR-WINE,0.7777777777777778,0.20573052760345056,2.7222222222222223,JC-DT,0.6
655,PLR-WINE,0.6296296296296297,0.20686537404087837,2.5555555555555554,JC-DT,0.6
656,PLR-WINE,0.574074074074074,0.20734457557804656,2.5555555555555554,JC-DT,0.6
657,PLR-WINE,0.7037037037037037,0.20712521093420613,2.5555555555555554,JC-DT,0.6
658,PLR-WINE,0.784313725490196,0.20719415533909022,2.6470588235294117,JC-DT,0.6
659,PLR-WINE,0.6274509803921569,0.20708307994269248,2.235294117647059,JC-DT,0.6
660,PLR-WINE,0.8333333333333334,0.20691922340659735,2.611111111111111,JC-DT,0.6
661,PLR-WINE,0.8703703703703703,0.20697100033691168,2.8333333333333335,JC-DT,0.6
662,PLR-WINE,0.7592592592592592,0.20693975935781606,2.7222222222222223,JC-DT,0.6
663,PLR-WINE,0.7592592592592592,0.20721650515748882,2.7777777777777777,JC-DT,0.6
664,PLR-WINE,0.6666666666666665,0.20664719935815712,2.611111111111111,JC-DT,0.6
665,PLR-WINE,0.5925925925925926,0.20698034685804145,2.111111111111111,JC-DT,0.6
666,PLR-WINE,0.7592592592592592,0.20734575954974352,2.4444444444444446,JC-DT,0.6
667,PLR-WINE,0.7592592592592592,0.20689018100397097,2.6666666666666665,JC-DT,0.6
668,PLR-WINE,0.8823529411764706,0.20722264840690544,2.5294117647058822,JC-DT,0.6
669,PLR-WINE,0.6470588235294117,0.20921214352897793,2.588235294117647,JC-DT,0.6
670,PLR-WINE,0.574074074074074,0.20588588827465965,2.2777777777777777,JC-DT,0.6
671,PLR-WINE,0.5,0.20673938179883178,2.5555555555555554,JC-DT,0.6
672,PLR-WINE,0.7592592592592592,0.2088939060659555,2.5555555555555554,JC-DT,0.6
673,PLR-WINE,0.6851851851851851,0.20591993595303645,2.7777777777777777,JC-DT,0.6
674,PLR-WINE,0.5,0.20883022294106057,2.7777777777777777,JC-DT,0.6
675,PLR-WINE,0.6481481481481481,0.2065390301558843,2.7222222222222223,JC-DT,0.6
676,PLR-WINE,0.6851851851851851,0.20696991082644148,2.2777777777777777,JC-DT,0.6
677,PLR-WINE,0.7962962962962963,0.20699739130105618,2.611111111111111,JC-DT,0.6
678,PLR-WINE,0.7647058823529411,0.21493826793286472,2.8823529411764706,JC-DT,0.6
679,PLR-WINE,0.8235294117647057,0.21090152684020735,2.8823529411764706,JC-DT,0.6
680,PLR-WINE,0.7962962962962963,0.21123875826796534,2.7222222222222223,JC-DT,0.6
681,PLR-WINE,0.6666666666666665,0.20728880579932027,2.7777777777777777,JC-DT,0.6
682,PLR-WINE,0.7222222222222222,0.2079071475179053,2.7777777777777777,JC-DT,0.6
683,PLR-WINE,0.6111111111111112,0.20754446272588659,2.7777777777777777,JC-DT,0.6
684,PLR-WINE,0.7037037037037037,0.2074581933531386,2.7777777777777777,JC-DT,0.6
685,PLR-WINE,0.7222222222222221,0.20665760331090754,2.8333333333333335,JC-DT,0.6
686,PLR-WINE,0.8333333333333333,0.2068550530673187,2.6666666666666665,JC-DT,0.6
687,PLR-WINE,0.6666666666666665,0.2076928428999825,2.5,JC-DT,0.6
688,PLR-WINE,0.7450980392156863,0.20713791062154596,2.411764705882353,JC-DT,0.6
689,PLR-WINE,0.784313725490196,0.20938385325156497,2.411764705882353,JC-DT,0.6
690,PLR-WINE,0.5740740740740741,0.2073809971934719,2.7222222222222223,JC-DT,0.6
691,PLR-WINE,0.7777777777777777,0.20795130437833528,2.5,JC-DT,0.6
692,PLR-WINE,0.6666666666666666,0.21525914378860042,2.3333333333333335,JC-DT,0.6
693,PLR-WINE,0.48148148148148145,0.21017997289396173,2.7777777777777777,JC-DT,0.6
694,PLR-WINE,0.7777777777777777,0.2102828570732074,2.8333333333333335,JC-DT,0.6
695,PLR-WINE,0.6666666666666666,0.20687036515933094,2.4444444444444446,JC-DT,0.6
696,PLR-WINE,0.6296296296296295,0.20752379384992345,2.5555555555555554,JC-DT,0.6
697,PLR-WINE,0.7037037037037037,0.20713621851766817,2.5555555555555554,JC-DT,0.6
698,PLR-WINE,0.6862745098039216,0.20762830975682178,2.2941176470588234,JC-DT,0.6
699,PLR-WINE,0.6470588235294118,0.20816195141637114,2.7058823529411766,JC-DT,0.6
700,PLR-YEAST,0.6884414615958239,0.6673875995172788,5.026845637583893,JC-DT,0.6
701,PLR-YEAST,0.7191648023862789,0.6821025905263809,4.825503355704698,JC-DT,0.6
702,PLR-YEAST,0.7224459358687547,0.6684699933494725,4.832214765100671,JC-DT,0.6
703,PLR-YEAST,0.7058911260253542,0.667149054565603,4.791946308724833,JC-DT,0.6
704,PLR-YEAST,0.7427927927927929,0.7024550078079298,4.783783783783784,JC-DT,0.6
705,PLR-YEAST,0.6803303303303304,0.6683130748422537,4.6891891891891895,JC-DT,0.6
706,PLR-YEAST,0.7295795795795796,0.6557403785197216,4.9391891891891895,JC-DT,0.6
707,PLR-YEAST,0.7348348348348349,0.6519704003935115,5.04054054054054,JC-DT,0.6
708,PLR-YEAST,0.7339339339339338,0.659776093832286,4.898648648648648,JC-DT,0.6
709,PLR-YEAST,0.7145645645645646,0.6593052456847741,4.695945945945946,JC-DT,0.6
710,PLR-YEAST,0.7224459358687547,0.6716211863879912,4.993288590604027,JC-DT,0.6
711,PLR-YEAST,0.7173750932140194,0.6619032603204748,4.76510067114094,JC-DT,0.6
712,PLR-YEAST,0.7000745712155108,0.6728458560447631,4.932885906040268,JC-DT,0.6
713,PLR-YEAST,0.7081282624906785,0.6964347564541936,4.832214765100671,JC-DT,0.6
714,PLR-YEAST,0.7351351351351351,0.6603282585211226,4.898648648648648,JC-DT,0.6
715,PLR-YEAST,0.733033033033033,0.6605136834315545,4.837837837837838,JC-DT,0.6
716,PLR-YEAST,0.6951951951951951,0.710150512207656,4.668918918918919,JC-DT,0.6
717,PLR-YEAST,0.733033033033033,0.6580814220227189,5.013513513513513,JC-DT,0.6
718,PLR-YEAST,0.684984984984985,0.6607586125097541,4.695945945945946,JC-DT,0.6
719,PLR-YEAST,0.7093093093093094,0.71419062510404,4.885135135135135,JC-DT,0.6
720,PLR-YEAST,0.7179716629381059,0.6612351026652242,4.865771812080537,JC-DT,0.6
721,PLR-YEAST,0.7036539895600298,0.6622051200380635,4.825503355704698,JC-DT,0.6
722,PLR-YEAST,0.7185682326621924,0.7079921758092443,4.859060402684563,JC-DT,0.6
723,PLR-YEAST,0.7231916480238628,0.6680508258907697,5.060402684563758,JC-DT,0.6
724,PLR-YEAST,0.7300300300300301,0.659885412018213,4.905405405405405,JC-DT,0.6
725,PLR-YEAST,0.7091591591591591,0.6614663400361573,4.797297297297297,JC-DT,0.6
726,PLR-YEAST,0.7058558558558559,0.6644977246041396,4.804054054054054,JC-DT,0.6
727,PLR-YEAST,0.7003003003003003,0.6552828686901734,4.668918918918919,JC-DT,0.6
728,PLR-YEAST,0.7181681681681682,0.6654285446040102,5.162162162162162,JC-DT,0.6
729,PLR-YEAST,0.7271771771771772,0.670552982243121,4.756756756756757,JC-DT,0.6
730,PLR-YEAST,0.7324384787472036,0.6618045285366667,4.778523489932886,JC-DT,0.6
731,PLR-YEAST,0.7200596569724087,0.6625298823466822,5.02013422818792,JC-DT,0.6
732,PLR-YEAST,0.713497390007457,0.6694914726837083,4.946308724832215,JC-DT,0.6
733,PLR-YEAST,0.7457121551081283,0.6592861814041462,4.973154362416107,JC-DT,0.6
734,PLR-YEAST,0.7114114114114114,0.6697630506534455,4.95945945945946,JC-DT,0.6
735,PLR-YEAST,0.7385885885885886,0.6604087105657074,4.912162162162162,JC-DT,0.6
736,PLR-YEAST,0.7033033033033032,0.6619331287839413,4.70945945945946,JC-DT,0.6
737,PLR-YEAST,0.6948948948948949,0.6920794419607317,4.925675675675675,JC-DT,0.6
738,PLR-YEAST,0.7055555555555556,0.666421756838757,4.668918918918919,JC-DT,0.6
739,PLR-YEAST,0.7096096096096096,0.6616606781438904,4.79054054054054,JC-DT,0.6
740,PLR-YEAST,0.7387024608501118,0.6623294655820203,4.704697986577181,JC-DT,0.6
741,PLR-YEAST,0.7285607755406412,0.661750313942414,4.97986577181208,JC-DT,0.6
742,PLR-YEAST,0.705592841163311,0.6692700546046708,4.852348993288591,JC-DT,0.6
743,PLR-YEAST,0.7082774049217002,0.6596438811953055,4.738255033557047,JC-DT,0.6
744,PLR-YEAST,0.7282282282282282,0.665368072582228,4.95945945945946,JC-DT,0.6
745,PLR-YEAST,0.6864864864864865,0.6606585487216441,4.6824324324324325,JC-DT,0.6
746,PLR-YEAST,0.7342342342342342,0.6610858075922377,4.952702702702703,JC-DT,0.6
747,PLR-YEAST,0.7136636636636635,0.6623116917267573,5.1891891891891895,JC-DT,0.6
748,PLR-YEAST,0.7169669669669669,0.7043420894834221,4.851351351351352,JC-DT,0.6
749,PLR-YEAST,0.6990990990990991,0.6625133009961595,4.662162162162162,JC-DT,0.6
750,PLR-REAL-ALGAE,0.37648809523809523,0.4482546954381073,2.78125,JC-DT,0.6
751,PLR-REAL-ALGAE,0.34077380952380953,0.43692637711101784,2.65625,JC-DT,0.6
752,PLR-REAL-ALGAE,0.25148809523809523,0.437955856252635,3.21875,JC-DT,0.6
753,PLR-REAL-ALGAE,0.40327380952380953,0.4267412740729336,2.71875,JC-DT,0.6
754,PLR-REAL-ALGAE,0.20535714285714285,0.4390724393570807,2.78125,JC-DT,0.6
755,PLR-REAL-ALGAE,0.3571428571428571,0.43597830793487036,2.4375,JC-DT,0.6
756,PLR-REAL-ALGAE,0.348694316436252,0.4692696303852496,2.5483870967741935,JC-DT,0.6
757,PLR-REAL-ALGAE,0.3225806451612903,0.4434138800316754,3.4193548387096775,JC-DT,0.6
758,PLR-REAL-ALGAE,0.4055299539170506,0.4425044237002918,2.870967741935484,JC-DT,0.6
759,PLR-REAL-ALGAE,0.32718894009216587,0.43804162701569216,3.3548387096774195,JC-DT,0.6
760,PLR-REAL-ALGAE,0.3482142857142857,0.44342494405698196,2.6875,JC-DT,0.6
761,PLR-REAL-ALGAE,0.3675595238095238,0.4439441935715103,2.84375,JC-DT,0.6
762,PLR-REAL-ALGAE,0.375,0.4481558177948312,2.875,JC-DT,0.6
763,PLR-REAL-ALGAE,0.31845238095238093,0.48094800448055436,2.28125,JC-DT,0.6
764,PLR-REAL-ALGAE,0.35565476190476186,0.4278536583908999,3.21875,JC-DT,0.6
765,PLR-REAL-ALGAE,0.3839285714285714,0.44569007057929977,3.40625,JC-DT,0.6
766,PLR-REAL-ALGAE,0.35176651305683565,0.43288769214077566,2.161290322580645,JC-DT,0.6
767,PLR-REAL-ALGAE,0.38402457757296465,0.4276296528774537,2.4838709677419355,JC-DT,0.6
768,PLR-REAL-ALGAE,0.3317972350230414,0.4398513612752449,2.967741935483871,JC-DT,0.6
769,PLR-REAL-ALGAE,0.37788018433179715,0.43639241629537673,2.6129032258064515,JC-DT,0.6
770,PLR-REAL-ALGAE,0.38095238095238093,0.43469114783464324,2.53125,JC-DT,0.6
771,PLR-REAL-ALGAE,0.3705357142857143,0.4301394994687125,2.59375,JC-DT,0.6
772,PLR-REAL-ALGAE,0.34226190476190477,0.4342195354895241,2.5625,JC-DT,0.6
773,PLR-REAL-ALGAE,0.3601190476190476,0.4331734363992328,3.0625,JC-DT,0.6
774,PLR-REAL-ALGAE,0.28125,0.44554981765356627,2.40625,JC-DT,0.6
775,PLR-REAL-ALGAE,0.34672619047619047,0.4306635252807039,2.4375,JC-DT,0.6
776,PLR-REAL-ALGAE,0.3241167434715822,0.4601737541382918,2.6451612903225805,JC-DT,0.6
777,PLR-REAL-ALGAE,0.359447004608295,0.4403564226721855,3.096774193548387,JC-DT,0.6
778,PLR-REAL-ALGAE,0.3533026113671276,0.4323558615148004,3.064516129032258,JC-DT,0.6
779,PLR-REAL-ALGAE,0.38556067588325654,0.4376487758367514,2.806451612903226,JC-DT,0.6
780,PLR-REAL-ALGAE,0.25148809523809523,0.4304385252219546,2.59375,JC-DT,0.6
781,PLR-REAL-ALGAE,0.38839285714285715,0.443023937254436,2.75,JC-DT,0.6
782,PLR-REAL-ALGAE,0.3958333333333333,0.4334519753976971,2.75,JC-DT,0.6
783,PLR-REAL-ALGAE,0.27976190476190477,0.43457915043952056,3.09375,JC-DT,0.6
784,PLR-REAL-ALGAE,0.3601190476190476,0.43103969886962373,2.75,JC-DT,0.6
785,PLR-REAL-ALGAE,0.34970238095238093,0.4677278119012525,2.5,JC-DT,0.6
786,PLR-REAL-ALGAE,0.4362519201228879,0.43846107696638853,2.2903225806451615,JC-DT,0.6
787,PLR-REAL-ALGAE,0.3609831029185868,0.43896944995819476,2.3548387096774195,JC-DT,0.6
788,PLR-REAL-ALGAE,0.3594470046082949,0.4338244137954301,2.6129032258064515,JC-DT,0.6
789,PLR-REAL-ALGAE,0.3655913978494623,0.4429167867647236,2.870967741935484,JC-DT,0.6
790,PLR-REAL-ALGAE,0.38690476190476186,0.4449508242578758,2.65625,JC-DT,0.6
791,PLR-REAL-ALGAE,0.2901785714285714,0.4274277366001435,2.3125,JC-DT,0.6
792,PLR-REAL-ALGAE,0.4181547619047619,0.4454518021083263,2.21875,JC-DT,0.6
793,PLR-REAL-ALGAE,0.33333333333333337,0.44980713199941147,2.6875,JC-DT,0.6
794,PLR-REAL-ALGAE,0.3601190476190476,0.4391899202157625,2.84375,JC-DT,0.6
795,PLR-REAL-ALGAE,0.4226190476190476,0.4343983701501936,3.0,JC-DT,0.6
796,PLR-REAL-ALGAE,0.32258064516129026,0.44308417148321383,2.6774193548387095,JC-DT,0.6
797,PLR-REAL-ALGAE,0.31029185867895537,0.4370820792659902,3.129032258064516,JC-DT,0.6
798,PLR-REAL-ALGAE,0.3287250384024577,0.44440816823387086,3.064516129032258,JC-DT,0.6
799,PLR-REAL-ALGAE,0.3548387096774193,0.44940266355902714,2.4838709677419355,JC-DT,0.6
800,PLR-REAL-MOVIES,0.43479853479853475,0.9749153701777827,2.3076923076923075,JC-DT,0.6
801,PLR-REAL-MOVIES,0.445054945054945,1.0036097169746503,1.7692307692307692,JC-DT,0.6
802,PLR-REAL-MOVIES,0.4336996336996337,0.9702927609754496,1.8461538461538463,JC-DT,0.6
803,PLR-REAL-MOVIES,0.4424908424908425,0.9978878930028543,1.7307692307692308,JC-DT,0.6
804,PLR-REAL-MOVIES,0.42417582417582417,0.9854506101184748,2.1153846153846154,JC-DT,0.6
805,PLR-REAL-MOVIES,0.44798534798534795,0.9816100875552165,2.0,JC-DT,0.6
806,PLR-REAL-MOVIES,0.4505494505494506,1.032704478534802,2.1538461538461537,JC-DT,0.6
807,PLR-REAL-MOVIES,0.40879120879120884,0.9685829778635574,1.6538461538461537,JC-DT,0.6
808,PLR-REAL-MOVIES,0.3970695970695971,0.9798424898902992,1.9230769230769231,JC-DT,0.6
809,PLR-REAL-MOVIES,0.4377289377289377,1.006141855810028,2.230769230769231,JC-DT,0.6
810,PLR-REAL-MOVIES,0.4421245421245421,0.9728240221119414,1.8461538461538463,JC-DT,0.6
811,PLR-REAL-MOVIES,0.42197802197802203,0.9796510026552677,1.5769230769230769,JC-DT,0.6
812,PLR-REAL-MOVIES,0.45164835164835154,1.0185586183415891,2.076923076923077,JC-DT,0.6
813,PLR-REAL-MOVIES,0.3842490842490843,0.9796602620258729,2.3076923076923075,JC-DT,0.6
814,PLR-REAL-MOVIES,0.4560439560439561,0.9695220600897404,1.6923076923076923,JC-DT,0.6
815,PLR-REAL-MOVIES,0.47216117216117226,0.9681007778081656,1.9615384615384615,JC-DT,0.6
816,PLR-REAL-MOVIES,0.4816849816849817,0.9822942486774517,2.0384615384615383,JC-DT,0.6
817,PLR-REAL-MOVIES,0.4000000000000001,0.9775593992175968,1.8461538461538463,JC-DT,0.6
818,PLR-REAL-MOVIES,0.4326007326007326,0.9767892853591399,2.1538461538461537,JC-DT,0.6
819,PLR-REAL-MOVIES,0.37619047619047624,1.0431420425820397,2.3076923076923075,JC-DT,0.6
820,PLR-REAL-MOVIES,0.40219780219780216,1.047255345653902,2.076923076923077,JC-DT,0.6
821,PLR-REAL-MOVIES,0.47912087912087914,0.9829530589028042,1.6538461538461537,JC-DT,0.6
822,PLR-REAL-MOVIES,0.4443223443223443,0.9770659025871098,1.8461538461538463,JC-DT,0.6
823,PLR-REAL-MOVIES,0.454945054945055,0.9865379440215869,1.9615384615384615,JC-DT,0.6
824,PLR-REAL-MOVIES,0.39780219780219783,0.9771624859731277,2.3076923076923075,JC-DT,0.6
825,PLR-REAL-MOVIES,0.41501831501831504,1.0233457314069536,2.076923076923077,JC-DT,0.6
826,PLR-REAL-MOVIES,0.3871794871794872,1.0233473721023527,1.8076923076923077,JC-DT,0.6
827,PLR-REAL-MOVIES,0.4124542124542125,0.9795252615471027,1.9615384615384615,JC-DT,0.6
828,PLR-REAL-MOVIES,0.45970695970695963,0.9836412079569111,1.8076923076923077,JC-DT,0.6
829,PLR-REAL-MOVIES,0.4117216117216117,1.0719850367436008,2.230769230769231,JC-DT,0.6
830,PLR-REAL-MOVIES,0.41611721611721614,0.9765940845567475,1.9615384615384615,JC-DT,0.6
831,PLR-REAL-MOVIES,0.4293040293040293,0.9886383261872671,1.9230769230769231,JC-DT,0.6
832,PLR-REAL-MOVIES,0.4435897435897437,0.9868096447567423,1.7307692307692308,JC-DT,0.6
833,PLR-REAL-MOVIES,0.4201465201465202,0.9790318089715979,1.8461538461538463,JC-DT,0.6
834,PLR-REAL-MOVIES,0.4622710622710623,0.9772860962827546,1.8461538461538463,JC-DT,0.6
835,PLR-REAL-MOVIES,0.4948717948717949,0.9676570461768719,1.8076923076923077,JC-DT,0.6
836,PLR-REAL-MOVIES,0.38351648351648354,0.9793627172833844,1.7692307692307692,JC-DT,0.6
837,PLR-REAL-MOVIES,0.42380952380952386,0.9759456224563298,1.9615384615384615,JC-DT,0.6
838,PLR-REAL-MOVIES,0.3967032967032967,0.978149896493286,2.269230769230769,JC-DT,0.6
839,PLR-REAL-MOVIES,0.43443223443223444,0.986888394901613,2.0,JC-DT,0.6
840,PLR-REAL-MOVIES,0.38571428571428573,1.0220513118182915,1.6538461538461537,JC-DT,0.6
841,PLR-REAL-MOVIES,0.49523809523809526,0.9779192896174086,1.9615384615384615,JC-DT,0.6
842,PLR-REAL-MOVIES,0.44688644688644685,0.9664197245418726,1.5,JC-DT,0.6
843,PLR-REAL-MOVIES,0.454945054945055,1.004917319477919,1.6923076923076923,JC-DT,0.6
844,PLR-REAL-MOVIES,0.4454212454212454,0.9831300071715614,1.6538461538461537,JC-DT,0.6
845,PLR-REAL-MOVIES,0.38424908424908427,0.9651181891369477,2.1538461538461537,JC-DT,0.6
846,PLR-REAL-MOVIES,0.384981684981685,0.9843261212629412,1.9615384615384615,JC-DT,0.6
847,PLR-REAL-MOVIES,0.4289377289377289,0.9886265407148809,1.9230769230769231,JC-DT,0.6
848,PLR-REAL-MOVIES,0.43882783882783893,0.9840230302178832,1.8461538461538463,JC-DT,0.6
849,PLR-REAL-MOVIES,0.4413919413919414,0.9762648257521545,1.9230769230769231,JC-DT,0.6
