,data,tau_x_score,prediction_time,buckets_per_rank,algo,percentage
0,authorship,0.3176470588235294,2.9036295612553533,4.0,ST-GBR-PI,0.4
1,authorship,0.3015873015873015,2.0559934195939107,4.0,ST-GBR-PI,0.4
2,authorship,0.34523809523809523,1.992883283994965,4.0,ST-GBR-PI,0.4
3,authorship,0.33333333333333326,0.8850454631051531,4.0,ST-GBR-PI,0.4
4,authorship,0.40079365079365076,0.8610439247955999,4.0,ST-GBR-PI,0.4
5,authorship,0.34920634920634924,0.8634897952175672,4.0,ST-GBR-PI,0.4
6,authorship,0.23015873015873017,0.8614241444877364,4.0,ST-GBR-PI,0.4
7,authorship,0.3055555555555555,0.9645464169707768,4.0,ST-GBR-PI,0.4
8,authorship,0.28968253968253965,0.8564598360646201,4.0,ST-GBR-PI,0.4
9,authorship,0.3611111111111111,0.8539781337533002,4.0,ST-GBR-PI,0.4
10,authorship,0.4784313725490196,0.8562044013631157,4.0,ST-GBR-PI,0.4
11,authorship,0.29365079365079366,0.8640328351536797,4.0,ST-GBR-PI,0.4
12,authorship,0.40079365079365076,0.8606103195139605,4.0,ST-GBR-PI,0.4
13,authorship,0.3333333333333333,0.8633506313337214,4.0,ST-GBR-PI,0.4
14,authorship,0.3650793650793651,0.8571654916191601,4.0,ST-GBR-PI,0.4
15,authorship,0.26190476190476186,0.8632544755020092,4.0,ST-GBR-PI,0.4
16,authorship,0.3492063492063492,0.8638485036257301,4.0,ST-GBR-PI,0.4
17,authorship,0.29365079365079366,0.8604505489574173,4.0,ST-GBR-PI,0.4
18,authorship,0.3650793650793651,0.8680405904420347,4.0,ST-GBR-PI,0.4
19,authorship,0.36507936507936506,0.8534752418296241,4.0,ST-GBR-PI,0.4
20,authorship,0.38431372549019616,0.862937413760782,4.0,ST-GBR-PI,0.4
21,authorship,0.34523809523809523,0.8514235453144993,4.0,ST-GBR-PI,0.4
22,authorship,0.4206349206349206,0.8582155897626957,4.0,ST-GBR-PI,0.4
23,authorship,0.38095238095238093,0.863032955823343,4.0,ST-GBR-PI,0.4
24,authorship,0.3571428571428571,0.8795886040042794,4.0,ST-GBR-PI,0.4
25,authorship,0.39682539682539675,0.8680421102065327,4.0,ST-GBR-PI,0.4
26,authorship,0.373015873015873,0.8566495207173775,4.0,ST-GBR-PI,0.4
27,authorship,0.39682539682539675,0.8688904037755872,4.0,ST-GBR-PI,0.4
28,authorship,0.3849206349206349,0.8705321696688726,4.0,ST-GBR-PI,0.4
29,authorship,0.36507936507936506,0.873820323359314,4.0,ST-GBR-PI,0.4
30,authorship,0.32156862745098036,0.8621247050811105,4.0,ST-GBR-PI,0.4
31,authorship,0.34523809523809523,0.8565030774434863,4.0,ST-GBR-PI,0.4
32,authorship,0.3531746031746031,0.8564106038149412,4.0,ST-GBR-PI,0.4
33,authorship,0.4285714285714285,0.8573251373141832,4.0,ST-GBR-PI,0.4
34,authorship,0.3412698412698412,0.8792980486414164,4.0,ST-GBR-PI,0.4
35,authorship,0.3571428571428571,0.8598514217054916,4.0,ST-GBR-PI,0.4
36,authorship,0.3055555555555555,0.8589545852583561,4.0,ST-GBR-PI,0.4
37,authorship,0.2896825396825397,0.8825211751098789,4.0,ST-GBR-PI,0.4
38,authorship,0.3253968253968254,0.8639178280840208,4.0,ST-GBR-PI,0.4
39,authorship,0.32539682539682535,0.8623105520910856,4.0,ST-GBR-PI,0.4
40,authorship,0.41176470588235287,0.8624897441824395,4.0,ST-GBR-PI,0.4
41,authorship,0.32936507936507936,0.8587500770921409,4.0,ST-GBR-PI,0.4
42,authorship,0.38095238095238093,0.857553175472665,4.0,ST-GBR-PI,0.4
43,authorship,0.38095238095238093,0.8643582113323979,4.0,ST-GBR-PI,0.4
44,authorship,0.2896825396825397,0.8503675640362994,4.0,ST-GBR-PI,0.4
45,authorship,0.41666666666666674,0.8642329029222031,4.0,ST-GBR-PI,0.4
46,authorship,0.3333333333333333,0.8653823610811592,4.0,ST-GBR-PI,0.4
47,authorship,0.37301587301587297,0.8626959421795928,4.0,ST-GBR-PI,0.4
48,authorship,0.3055555555555556,0.9077172697423699,4.0,ST-GBR-PI,0.4
49,authorship,0.4246031746031745,0.8619839713398733,4.0,ST-GBR-PI,0.4
50,glass,0.2242424242424243,0.4039051777605917,6.0,ST-GBR-PI,0.4
51,glass,0.26666666666666666,0.39758877139529997,6.0,ST-GBR-PI,0.4
52,glass,0.27878787878787875,0.40723538789402536,6.0,ST-GBR-PI,0.4
53,glass,0.10303030303030303,0.3834206326920541,6.0,ST-GBR-PI,0.4
54,glass,0.3841269841269841,0.3987379670868705,6.0,ST-GBR-PI,0.4
55,glass,0.23174603174603173,0.4292369550361702,6.0,ST-GBR-PI,0.4
56,glass,0.31428571428571433,0.4004752883719705,6.0,ST-GBR-PI,0.4
57,glass,0.16825396825396827,0.447518552037301,6.0,ST-GBR-PI,0.4
58,glass,0.3015873015873016,0.44392238067663137,6.0,ST-GBR-PI,0.4
59,glass,0.2,0.4436469783706231,6.0,ST-GBR-PI,0.4
60,glass,0.13333333333333333,0.43512025710815166,6.0,ST-GBR-PI,0.4
61,glass,0.24848484848484845,0.40498645801958527,6.0,ST-GBR-PI,0.4
62,glass,0.1696969696969697,0.4304463015482193,6.0,ST-GBR-PI,0.4
63,glass,0.34545454545454535,0.4105571898880481,6.0,ST-GBR-PI,0.4
64,glass,0.33968253968253964,0.39703942660529723,6.0,ST-GBR-PI,0.4
65,glass,0.16825396825396827,0.414531452325929,6.0,ST-GBR-PI,0.4
66,glass,0.4031746031746032,0.3983561208307398,6.0,ST-GBR-PI,0.4
67,glass,0.2444444444444444,0.4371159722202768,6.0,ST-GBR-PI,0.4
68,glass,-0.01587301587301588,0.4131822586488803,6.0,ST-GBR-PI,0.4
69,glass,0.18095238095238098,0.4452326487591237,6.0,ST-GBR-PI,0.4
70,glass,0.36363636363636365,0.42308733073919036,6.0,ST-GBR-PI,0.4
71,glass,0.21818181818181817,0.45262768293001454,6.0,ST-GBR-PI,0.4
72,glass,0.29696969696969694,0.43868763692364293,6.0,ST-GBR-PI,0.4
73,glass,0.17575757575757578,0.4422683967856575,6.0,ST-GBR-PI,0.4
74,glass,0.08571428571428574,0.44337439091499176,6.0,ST-GBR-PI,0.4
75,glass,0.32063492063492055,0.44331260363028885,6.0,ST-GBR-PI,0.4
76,glass,0.21904761904761907,0.4431990016229018,6.0,ST-GBR-PI,0.4
77,glass,0.17460317460317462,0.47210172861160676,6.0,ST-GBR-PI,0.4
78,glass,0.23174603174603176,0.42139249932489237,6.0,ST-GBR-PI,0.4
79,glass,0.21904761904761902,0.4513345451964765,6.0,ST-GBR-PI,0.4
80,glass,0.3515151515151515,0.44659077756530613,6.0,ST-GBR-PI,0.4
81,glass,0.3212121212121213,0.4478543594229761,6.0,ST-GBR-PI,0.4
82,glass,0.21818181818181817,0.44839722210735744,6.0,ST-GBR-PI,0.4
83,glass,0.21818181818181817,0.46439729215400716,6.0,ST-GBR-PI,0.4
84,glass,0.13015873015873017,0.45044172229557106,6.0,ST-GBR-PI,0.4
85,glass,0.2698412698412698,0.42062073704888964,6.0,ST-GBR-PI,0.4
86,glass,0.21904761904761902,0.4336205143443597,6.0,ST-GBR-PI,0.4
87,glass,0.18095238095238098,0.44366034614521777,6.0,ST-GBR-PI,0.4
88,glass,0.22539682539682535,0.43546177691333565,6.0,ST-GBR-PI,0.4
89,glass,0.2698412698412699,0.43785151448191273,6.0,ST-GBR-PI,0.4
90,glass,0.2545454545454545,0.3954435684867584,6.0,ST-GBR-PI,0.4
91,glass,0.2909090909090909,0.44320810253838805,6.0,ST-GBR-PI,0.4
92,glass,0.16363636363636364,0.45195748414432435,6.0,ST-GBR-PI,0.4
93,glass,0.2848484848484848,0.43115281356664964,6.0,ST-GBR-PI,0.4
94,glass,0.2,0.5550013153132004,6.0,ST-GBR-PI,0.4
95,glass,0.3396825396825397,0.5812329027009638,6.0,ST-GBR-PI,0.4
96,glass,0.2253968253968254,0.4501197197063355,6.0,ST-GBR-PI,0.4
97,glass,0.09206349206349207,0.3988504408684098,6.0,ST-GBR-PI,0.4
98,glass,0.1873015873015873,0.3960269382096545,6.0,ST-GBR-PI,0.4
99,glass,0.16825396825396824,0.39802427227696385,6.0,ST-GBR-PI,0.4
100,iris,0.5111111111111112,0.38375129343996855,3.0,ST-GBR-PI,0.4
101,iris,0.6444444444444445,0.332966256555237,3.0,ST-GBR-PI,0.4
102,iris,0.42222222222222217,0.36699677774584616,3.0,ST-GBR-PI,0.4
103,iris,0.5555555555555556,0.3359533697083671,3.0,ST-GBR-PI,0.4
104,iris,0.5999999999999999,0.36977072581471015,3.0,ST-GBR-PI,0.4
105,iris,0.15555555555555556,0.3182918983166102,3.0,ST-GBR-PI,0.4
106,iris,0.3333333333333333,0.37441955412139133,3.0,ST-GBR-PI,0.4
107,iris,0.688888888888889,0.31060188484007256,3.0,ST-GBR-PI,0.4
108,iris,0.3333333333333333,0.30620620564024853,3.0,ST-GBR-PI,0.4
109,iris,0.4666666666666666,0.3315524983335705,3.0,ST-GBR-PI,0.4
110,iris,0.5111111111111111,0.3669259466327833,3.0,ST-GBR-PI,0.4
111,iris,0.5555555555555556,0.363273027029597,3.0,ST-GBR-PI,0.4
112,iris,0.4222222222222222,0.31964391620099775,3.0,ST-GBR-PI,0.4
113,iris,0.4666666666666667,0.34556353169882464,3.0,ST-GBR-PI,0.4
114,iris,0.3333333333333333,0.3113393852729514,3.0,ST-GBR-PI,0.4
115,iris,0.7333333333333333,0.2932685573693869,3.0,ST-GBR-PI,0.4
116,iris,0.20000000000000004,0.32794797328339664,3.0,ST-GBR-PI,0.4
117,iris,0.5555555555555555,0.3134558305391129,3.0,ST-GBR-PI,0.4
118,iris,0.4222222222222222,0.3077365325843382,3.0,ST-GBR-PI,0.4
119,iris,0.3777777777777777,0.3271190573182054,3.0,ST-GBR-PI,0.4
120,iris,0.5111111111111111,0.3136700570753346,3.0,ST-GBR-PI,0.4
121,iris,0.6,0.31421430178680076,3.0,ST-GBR-PI,0.4
122,iris,0.5999999999999999,0.3421483562346134,3.0,ST-GBR-PI,0.4
123,iris,0.3777777777777777,0.31886781421400245,3.0,ST-GBR-PI,0.4
124,iris,0.42222222222222217,0.3284598923534907,3.0,ST-GBR-PI,0.4
125,iris,0.5111111111111111,0.3131930994816169,3.0,ST-GBR-PI,0.4
126,iris,0.6444444444444444,0.32611062708309946,3.0,ST-GBR-PI,0.4
127,iris,0.2888888888888889,0.31059880242362864,3.0,ST-GBR-PI,0.4
128,iris,0.2888888888888888,0.30565082350752876,3.0,ST-GBR-PI,0.4
129,iris,0.5111111111111111,0.3056472691441295,3.0,ST-GBR-PI,0.4
130,iris,0.6444444444444444,0.3121986978091076,3.0,ST-GBR-PI,0.4
131,iris,0.4666666666666666,0.3118228041950943,3.0,ST-GBR-PI,0.4
132,iris,0.5999999999999999,0.32972425333919825,3.0,ST-GBR-PI,0.4
133,iris,0.3333333333333333,0.31616115348995444,3.0,ST-GBR-PI,0.4
134,iris,0.511111111111111,0.31072280356983767,3.0,ST-GBR-PI,0.4
135,iris,0.28888888888888886,0.28922045586895423,3.0,ST-GBR-PI,0.4
136,iris,0.33333333333333326,0.3059271572905311,3.0,ST-GBR-PI,0.4
137,iris,0.28888888888888886,0.31236795973734194,3.0,ST-GBR-PI,0.4
138,iris,0.6888888888888888,0.3080258984598647,3.0,ST-GBR-PI,0.4
139,iris,0.2,0.2979217071484714,3.0,ST-GBR-PI,0.4
140,iris,0.6888888888888888,0.3336256565853617,3.0,ST-GBR-PI,0.4
141,iris,0.5555555555555556,0.32931258089479404,3.0,ST-GBR-PI,0.4
142,iris,0.6,0.3327696373587414,3.0,ST-GBR-PI,0.4
143,iris,0.3777777777777777,0.3611971695178756,3.0,ST-GBR-PI,0.4
144,iris,0.7333333333333335,0.32820950424734213,3.0,ST-GBR-PI,0.4
145,iris,0.3333333333333333,0.3500469655218707,3.0,ST-GBR-PI,0.4
146,iris,0.4666666666666666,0.3302637909800714,3.0,ST-GBR-PI,0.4
147,iris,0.511111111111111,0.3500993028971788,3.0,ST-GBR-PI,0.4
148,iris,0.3777777777777777,0.35505562266147467,3.0,ST-GBR-PI,0.4
149,iris,0.4222222222222222,0.36843950557001104,3.0,ST-GBR-PI,0.4
150,letter,0.7280461538461539,3.1725385638606407,26.0,ST-GBR-PI,0.4
151,letter,0.7310246153846154,3.1525705861854707,26.0,ST-GBR-PI,0.4
152,letter,0.7295846153846154,3.134854556245303,26.0,ST-GBR-PI,0.4
153,letter,0.7283984615384616,3.1362119760551614,25.9995,ST-GBR-PI,0.4
154,letter,0.7255353846153846,3.137654447897912,26.0,ST-GBR-PI,0.4
155,letter,0.7271384615384616,3.145355400489539,26.0,ST-GBR-PI,0.4
156,letter,0.7253015384615384,3.16151844285144,26.0,ST-GBR-PI,0.4
157,letter,0.7271753846153846,3.1843518378432694,26.0,ST-GBR-PI,0.4
158,letter,0.7277569230769232,3.202142544723817,26.0,ST-GBR-PI,0.4
159,letter,0.7259969230769232,3.225352785586819,26.0,ST-GBR-PI,0.4
160,letter,0.7271169230769231,3.226702733115555,26.0,ST-GBR-PI,0.4
161,letter,0.7273815384615384,3.2085632740395775,26.0,ST-GBR-PI,0.4
162,letter,0.72806,3.1935864907324096,25.9995,ST-GBR-PI,0.4
163,letter,0.7271076923076923,3.163978216585181,26.0,ST-GBR-PI,0.4
164,letter,0.7292276923076924,3.1468473298514588,26.0,ST-GBR-PI,0.4
165,letter,0.7277169230769229,3.126146128404388,26.0,ST-GBR-PI,0.4
166,letter,0.7251630769230769,3.1153650214564226,26.0,ST-GBR-PI,0.4
167,letter,0.7244307692307692,3.137572810152932,26.0,ST-GBR-PI,0.4
168,letter,0.7269107692307692,3.1498278071073686,26.0,ST-GBR-PI,0.4
169,letter,0.7276923076923076,3.1661211233899964,26.0,ST-GBR-PI,0.4
170,letter,0.7267415384615384,3.188029537147239,26.0,ST-GBR-PI,0.4
171,letter,0.7276061538461538,3.208507082683326,26.0,ST-GBR-PI,0.4
172,letter,0.7283323076923077,3.2204053070508905,26.0,ST-GBR-PI,0.4
173,letter,0.726643076923077,3.224692736379374,26.0,ST-GBR-PI,0.4
174,letter,0.7265015384615385,3.2011838890045747,26.0,ST-GBR-PI,0.4
175,letter,0.7298584615384616,3.1795444618910698,26.0,ST-GBR-PI,0.4
176,letter,0.7265723076923077,3.151503999114639,26.0,ST-GBR-PI,0.4
177,letter,0.7282261538461539,3.138281342287041,25.9995,ST-GBR-PI,0.4
178,letter,0.7266584615384616,3.129238510468495,26.0,ST-GBR-PI,0.4
179,letter,0.7261015384615385,3.1323794540684875,26.0,ST-GBR-PI,0.4
180,letter,0.7268030769230769,3.133112306530612,26.0,ST-GBR-PI,0.4
181,letter,0.7269876923076923,3.1483211765027566,26.0,ST-GBR-PI,0.4
182,letter,0.7259907692307693,3.16166285130088,26.0,ST-GBR-PI,0.4
183,letter,0.7272338461538461,3.1928649607096466,26.0,ST-GBR-PI,0.4
184,letter,0.7299476923076923,3.2093113261349044,26.0,ST-GBR-PI,0.4
185,letter,0.7274338461538462,3.225454976561501,26.0,ST-GBR-PI,0.4
186,letter,0.7274676923076923,3.2242829706658416,26.0,ST-GBR-PI,0.4
187,letter,0.7271353846153846,3.2094957740272627,26.0,ST-GBR-PI,0.4
188,letter,0.7283446153846153,3.1766810778764722,26.0,ST-GBR-PI,0.4
189,letter,0.7262769230769232,3.1362683700594722,26.0,ST-GBR-PI,0.4
190,letter,0.7292953846153846,3.137155083845929,26.0,ST-GBR-PI,0.4
191,letter,0.7271200000000001,3.131489254724002,26.0,ST-GBR-PI,0.4
192,letter,0.7275907692307692,3.132201854370251,26.0,ST-GBR-PI,0.4
193,letter,0.7256523076923077,3.1380500060192245,26.0,ST-GBR-PI,0.4
194,letter,0.7271292307692309,3.1525337154318738,26.0,ST-GBR-PI,0.4
195,letter,0.7312953846153846,3.1638475058062525,26.0,ST-GBR-PI,0.4
196,letter,0.72936,3.135971544319251,26.0,ST-GBR-PI,0.4
197,letter,0.7292246153846154,3.1309905157092075,26.0,ST-GBR-PI,0.4
198,letter,0.7265446153846155,3.126415218184029,26.0,ST-GBR-PI,0.4
199,letter,0.7265292307692307,3.135164385237739,26.0,ST-GBR-PI,0.4
200,libras,0.36137566137566135,1.636648896417826,15.0,ST-GBR-PI,0.4
201,libras,0.42116402116402113,1.6357183363584755,15.0,ST-GBR-PI,0.4
202,libras,0.382010582010582,1.642508688727986,15.0,ST-GBR-PI,0.4
203,libras,0.4121693121693122,1.6557228454485877,15.0,ST-GBR-PI,0.4
204,libras,0.44179894179894175,1.7750717289524265,15.0,ST-GBR-PI,0.4
205,libras,0.37354497354497357,1.6410206504995446,15.0,ST-GBR-PI,0.4
206,libras,0.3883597883597884,1.6335604323000137,15.0,ST-GBR-PI,0.4
207,libras,0.337037037037037,1.6395336688045747,15.0,ST-GBR-PI,0.4
208,libras,0.416931216931217,1.6406696549083204,15.0,ST-GBR-PI,0.4
209,libras,0.45079365079365075,1.64327486878201,15.0,ST-GBR-PI,0.4
210,libras,0.38835978835978835,1.638109826588846,15.0,ST-GBR-PI,0.4
211,libras,0.39576719576719577,1.6460023595282727,15.0,ST-GBR-PI,0.4
212,libras,0.41957671957671955,1.6290685435046164,15.0,ST-GBR-PI,0.4
213,libras,0.39576719576719577,1.6581114430799875,15.0,ST-GBR-PI,0.4
214,libras,0.36455026455026457,1.638595168065443,15.0,ST-GBR-PI,0.4
215,libras,0.3497354497354498,1.640332682146644,15.0,ST-GBR-PI,0.4
216,libras,0.455026455026455,1.6461918484466063,15.0,ST-GBR-PI,0.4
217,libras,0.4375661375661376,1.635442268148162,15.0,ST-GBR-PI,0.4
218,libras,0.38095238095238093,1.6384551117470882,15.0,ST-GBR-PI,0.4
219,libras,0.3941798941798942,1.6360066396536552,15.0,ST-GBR-PI,0.4
220,libras,0.4455026455026455,1.6500537483354876,15.0,ST-GBR-PI,0.4
221,libras,0.40687830687830684,1.6395782520433775,15.0,ST-GBR-PI,0.4
222,libras,0.3386243386243386,1.6431122670001324,15.0,ST-GBR-PI,0.4
223,libras,0.371957671957672,1.6576251265527964,15.0,ST-GBR-PI,0.4
224,libras,0.4132275132275132,1.6437103183066795,15.0,ST-GBR-PI,0.4
225,libras,0.35978835978835977,1.6430761654409534,15.0,ST-GBR-PI,0.4
226,libras,0.416931216931217,1.7698621593101207,15.0,ST-GBR-PI,0.4
227,libras,0.42063492063492064,1.6330804391097244,15.0,ST-GBR-PI,0.4
228,libras,0.40793650793650793,1.6623262878532201,15.0,ST-GBR-PI,0.4
229,libras,0.3904761904761905,1.646829184925475,15.0,ST-GBR-PI,0.4
230,libras,0.4328042328042328,1.6607296040545125,15.0,ST-GBR-PI,0.4
231,libras,0.41164021164021164,1.6543689864631737,15.0,ST-GBR-PI,0.4
232,libras,0.38042328042328044,1.6662541933630248,15.0,ST-GBR-PI,0.4
233,libras,0.42910052910052904,1.6413993078286544,15.0,ST-GBR-PI,0.4
234,libras,0.39735449735449735,1.6402261496122106,15.0,ST-GBR-PI,0.4
235,libras,0.43386243386243384,1.6566466211405193,15.0,ST-GBR-PI,0.4
236,libras,0.4190476190476191,1.636993191159132,15.0,ST-GBR-PI,0.4
237,libras,0.4280423280423281,1.6438143701242112,15.0,ST-GBR-PI,0.4
238,libras,0.3978835978835979,1.6442130108218114,15.0,ST-GBR-PI,0.4
239,libras,0.3915343915343915,1.6406035504187821,15.0,ST-GBR-PI,0.4
240,libras,0.4354497354497355,1.643729287040136,15.0,ST-GBR-PI,0.4
241,libras,0.4142857142857143,1.6357570838249935,15.0,ST-GBR-PI,0.4
242,libras,0.4238095238095238,1.667432532172987,15.0,ST-GBR-PI,0.4
243,libras,0.3444444444444445,1.644106551001022,15.0,ST-GBR-PI,0.4
244,libras,0.38306878306878306,1.6461551329719215,15.0,ST-GBR-PI,0.4
245,libras,0.36613756613756615,1.633442434660061,15.0,ST-GBR-PI,0.4
246,libras,0.40793650793650793,1.6394485751696284,15.0,ST-GBR-PI,0.4
247,libras,0.4084656084656084,1.639259457527716,15.0,ST-GBR-PI,0.4
248,libras,0.3925925925925926,1.63501237501939,15.0,ST-GBR-PI,0.4
249,libras,0.43756613756613766,1.6334761181903803,15.0,ST-GBR-PI,0.4
250,pendigits,0.6078787878787879,1.8423282237596137,10.0,ST-GBR-PI,0.4
251,pendigits,0.6114747474747475,1.8147315341952714,10.0,ST-GBR-PI,0.4
252,pendigits,0.6141947224749773,1.8385664607371806,10.0,ST-GBR-PI,0.4
253,pendigits,0.6089778586593874,1.8391966747421211,10.0,ST-GBR-PI,0.4
254,pendigits,0.6094227075118795,1.8438266780131236,10.0,ST-GBR-PI,0.4
255,pendigits,0.6155697098372257,1.8355970480455321,10.0,ST-GBR-PI,0.4
256,pendigits,0.6093013850975635,1.8404116376752597,10.0,ST-GBR-PI,0.4
257,pendigits,0.6174704276615105,1.8428268189878225,10.0,ST-GBR-PI,0.4
258,pendigits,0.6207056920432716,1.843824211593027,10.0,ST-GBR-PI,0.4
259,pendigits,0.616176321908806,1.843102794642326,10.0,ST-GBR-PI,0.4
260,pendigits,0.6118383838383838,1.8170288331552635,10.0,ST-GBR-PI,0.4
261,pendigits,0.6142222222222222,1.8405991891964273,10.0,ST-GBR-PI,0.4
262,pendigits,0.6031543827722172,1.8474120622395171,10.0,ST-GBR-PI,0.4
263,pendigits,0.6186836518046709,1.8417879177211454,10.0,ST-GBR-PI,0.4
264,pendigits,0.6161358811040339,1.8408212231702095,10.0,ST-GBR-PI,0.4
265,pendigits,0.6140329592558892,1.8424346384450652,10.0,ST-GBR-PI,0.4
266,pendigits,0.6123344454554646,1.8430378683218687,10.0,ST-GBR-PI,0.4
267,pendigits,0.6085734506116671,1.836882340513731,10.0,ST-GBR-PI,0.4
268,pendigits,0.6171064604185623,1.8422314557424069,10.0,ST-GBR-PI,0.4
269,pendigits,0.6114447477504803,1.8395289660016527,10.0,ST-GBR-PI,0.4
270,pendigits,0.6114747474747475,1.8344974404458763,10.0,ST-GBR-PI,0.4
271,pendigits,0.6107070707070708,1.8371066999344976,10.0,ST-GBR-PI,0.4
272,pendigits,0.6088160954402994,1.8350681209677229,10.0,ST-GBR-PI,0.4
273,pendigits,0.6118491557982004,1.8430093456068777,10.0,ST-GBR-PI,0.4
274,pendigits,0.6156505914467698,1.8467710261599692,10.0,ST-GBR-PI,0.4
275,pendigits,0.6201395207764634,1.8385980769259915,10.0,ST-GBR-PI,0.4
276,pendigits,0.6200586391669193,1.8360383698470977,10.0,ST-GBR-PI,0.4
277,pendigits,0.6182388029521788,1.8420227022063296,10.0,ST-GBR-PI,0.4
278,pendigits,0.6116065109695684,1.83909165369203,10.0,ST-GBR-PI,0.4
279,pendigits,0.6064705287635225,1.8580564366124168,10.0,ST-GBR-PI,0.4
280,pendigits,0.6144646464646464,1.8397273970418857,10.0,ST-GBR-PI,0.4
281,pendigits,0.6191919191919192,1.834627539417222,10.0,ST-GBR-PI,0.4
282,pendigits,0.6132645839652208,1.8127676063842653,10.0,ST-GBR-PI,0.4
283,pendigits,0.6219593569912041,1.8435536417416098,10.0,ST-GBR-PI,0.4
284,pendigits,0.618683651804671,1.8351354817972825,10.0,ST-GBR-PI,0.4
285,pendigits,0.6203012839955515,1.8027521129450492,10.0,ST-GBR-PI,0.4
286,pendigits,0.6128197351127288,1.840043032082812,10.0,ST-GBR-PI,0.4
287,pendigits,0.6153675058133656,1.8391714366031555,10.0,ST-GBR-PI,0.4
288,pendigits,0.6096249115357395,1.8425741199072212,10.0,ST-GBR-PI,0.4
289,pendigits,0.6137903144272571,1.8392100928618682,10.0,ST-GBR-PI,0.4
290,pendigits,0.6173333333333333,1.8393258668863364,10.0,ST-GBR-PI,0.4
291,pendigits,0.6123636363636363,1.836896001158144,10.0,ST-GBR-PI,0.4
292,pendigits,0.6144373673036093,1.8366486280536198,10.0,ST-GBR-PI,0.4
293,pendigits,0.6128197351127288,1.8389834287736533,10.0,ST-GBR-PI,0.4
294,pendigits,0.6125366494793246,1.8346613273433392,10.0,ST-GBR-PI,0.4
295,pendigits,0.6142756040845213,1.837106377006857,10.0,ST-GBR-PI,0.4
296,pendigits,0.6112829845313922,1.8485551075692754,10.0,ST-GBR-PI,0.4
297,pendigits,0.619047619047619,1.8341841185208234,10.0,ST-GBR-PI,0.4
298,pendigits,0.613426347184309,1.8118987671421485,10.0,ST-GBR-PI,0.4
299,pendigits,0.6118087149934284,1.8589169454960286,10.0,ST-GBR-PI,0.4
300,segment,0.6532673675530818,1.2029354875879672,7.0,ST-GBR-PI,0.4
301,segment,0.6507936507936507,1.2170187566437722,7.0,ST-GBR-PI,0.4
302,segment,0.6569779426922284,1.2259146371169838,7.0,ST-GBR-PI,0.4
303,segment,0.6330653473510617,1.2178626651088365,7.0,ST-GBR-PI,0.4
304,segment,0.6516182230467944,1.22086264636094,7.0,ST-GBR-PI,0.4
305,segment,0.6132756132756132,1.2264762691691868,7.0,ST-GBR-PI,0.4
306,segment,0.6371882086167799,1.2249184211655744,7.0,ST-GBR-PI,0.4
307,segment,0.649969078540507,1.218586312742829,7.0,ST-GBR-PI,0.4
308,segment,0.6507936507936507,1.223945534711909,7.0,ST-GBR-PI,0.4
309,segment,0.6297670583384867,1.2260964124608607,7.0,ST-GBR-PI,0.4
310,segment,0.6417233560090702,1.2247502928060852,7.0,ST-GBR-PI,0.4
311,segment,0.6462585034013605,1.2132699326486613,7.0,ST-GBR-PI,0.4
312,segment,0.6437847866419294,1.257954837093499,7.0,ST-GBR-PI,0.4
313,segment,0.6516182230467944,1.206072641926301,7.0,ST-GBR-PI,0.4
314,segment,0.6491445062873632,1.2379896549404703,7.0,ST-GBR-PI,0.4
315,segment,0.6417233560090702,1.2115312009190908,7.0,ST-GBR-PI,0.4
316,segment,0.6615130900845186,1.20675308261372,7.0,ST-GBR-PI,0.4
317,segment,0.6487322201607915,1.225061826611504,7.0,ST-GBR-PI,0.4
318,segment,0.642547928262214,1.2258304978859795,7.0,ST-GBR-PI,0.4
319,segment,0.6301793444650589,1.2265061533340704,7.0,ST-GBR-PI,0.4
320,segment,0.6602762317048031,1.270932265579371,7.0,ST-GBR-PI,0.4
321,segment,0.6367759224902081,1.2156278124625957,7.0,ST-GBR-PI,0.4
322,segment,0.6458462172747885,1.209654795484938,7.0,ST-GBR-PI,0.4
323,segment,0.6087404658833229,1.2260416840095756,7.0,ST-GBR-PI,0.4
324,segment,0.624407338693053,1.2069654905899514,7.0,ST-GBR-PI,0.4
325,segment,0.6643990929705216,1.2075653356710394,7.0,ST-GBR-PI,0.4
326,segment,0.6454339311482168,1.2002175909477955,7.0,ST-GBR-PI,0.4
327,segment,0.6392496392496391,1.2278099087495808,7.0,ST-GBR-PI,0.4
328,segment,0.6421356421356422,1.2207359218006328,7.0,ST-GBR-PI,0.4
329,segment,0.6161616161616159,1.222675869482657,7.0,ST-GBR-PI,0.4
330,segment,0.6491445062873633,1.2069020248421702,7.0,ST-GBR-PI,0.4
331,segment,0.6301793444650586,1.2335355241513641,7.0,ST-GBR-PI,0.4
332,segment,0.6536796536796535,1.2270530271073177,7.0,ST-GBR-PI,0.4
333,segment,0.6355390641104927,1.2050785075516302,7.0,ST-GBR-PI,0.4
334,segment,0.6272933415790558,1.2101511105372253,7.0,ST-GBR-PI,0.4
335,segment,0.6615130900845186,1.2061376114573228,7.0,ST-GBR-PI,0.4
336,segment,0.6672850958565244,1.224482887981893,7.0,ST-GBR-PI,0.4
337,segment,0.6343022057307771,1.2294875994014198,7.0,ST-GBR-PI,0.4
338,segment,0.6293547722119149,1.2172307443374024,7.0,ST-GBR-PI,0.4
339,segment,0.6326530612244896,1.222624219605869,7.0,ST-GBR-PI,0.4
340,segment,0.6512059369202224,1.2190740862041294,7.0,ST-GBR-PI,0.4
341,segment,0.6573902288188002,1.2151340255885272,7.0,ST-GBR-PI,0.4
342,segment,0.6404864976293547,1.2193073185176304,7.0,ST-GBR-PI,0.4
343,segment,0.6301793444650586,1.2274580752773339,7.0,ST-GBR-PI,0.4
344,segment,0.6417233560090703,1.2185557452082763,7.0,ST-GBR-PI,0.4
345,segment,0.6433725005153575,1.2154245582753092,7.0,ST-GBR-PI,0.4
346,segment,0.6578025149453721,1.224609625206394,7.0,ST-GBR-PI,0.4
347,segment,0.6376004947433519,1.2098104846755466,7.0,ST-GBR-PI,0.4
348,segment,0.6429602143887857,1.2076591209714842,7.0,ST-GBR-PI,0.4
349,segment,0.6536796536796535,1.223276262175706,7.0,ST-GBR-PI,0.4
350,vehicle,0.6039215686274509,0.5956421234603045,4.0,ST-GBR-PI,0.4
351,vehicle,0.4862745098039215,0.5743316463179646,4.0,ST-GBR-PI,0.4
352,vehicle,0.5098039215686274,0.6043040386421401,4.0,ST-GBR-PI,0.4
353,vehicle,0.5333333333333333,0.5852497713976323,4.0,ST-GBR-PI,0.4
354,vehicle,0.6352941176470588,0.5829179700959457,4.0,ST-GBR-PI,0.4
355,vehicle,0.6156862745098038,0.5888382357348926,4.0,ST-GBR-PI,0.4
356,vehicle,0.5912698412698413,0.5810786306432929,4.0,ST-GBR-PI,0.4
357,vehicle,0.5873015873015873,0.5784607714444417,4.0,ST-GBR-PI,0.4
358,vehicle,0.484126984126984,0.5744023816056943,4.0,ST-GBR-PI,0.4
359,vehicle,0.6269841269841269,0.5868555419042775,4.0,ST-GBR-PI,0.4
360,vehicle,0.5764705882352942,0.582613381869873,4.0,ST-GBR-PI,0.4
361,vehicle,0.6588235294117647,0.5821409138153201,4.0,ST-GBR-PI,0.4
362,vehicle,0.6431372549019607,0.5741224767788643,4.0,ST-GBR-PI,0.4
363,vehicle,0.5999999999999999,0.5827233420817222,4.0,ST-GBR-PI,0.4
364,vehicle,0.5568627450980391,0.5839438480170255,4.0,ST-GBR-PI,0.4
365,vehicle,0.6470588235294117,0.5751702759803854,4.0,ST-GBR-PI,0.4
366,vehicle,0.5714285714285714,0.5803827704381972,4.0,ST-GBR-PI,0.4
367,vehicle,0.6507936507936507,0.591132528394095,4.0,ST-GBR-PI,0.4
368,vehicle,0.5873015873015872,0.5922905952348544,4.0,ST-GBR-PI,0.4
369,vehicle,0.5595238095238095,0.5777066745462264,4.0,ST-GBR-PI,0.4
370,vehicle,0.5568627450980391,0.6076159427866729,4.0,ST-GBR-PI,0.4
371,vehicle,0.5803921568627451,0.58202465584879,4.0,ST-GBR-PI,0.4
372,vehicle,0.5686274509803921,0.573631442837611,4.0,ST-GBR-PI,0.4
373,vehicle,0.5607843137254901,0.5849378808943307,4.0,ST-GBR-PI,0.4
374,vehicle,0.5921568627450979,0.5704272045441169,4.0,ST-GBR-PI,0.4
375,vehicle,0.6470588235294118,0.6321753543907075,4.0,ST-GBR-PI,0.4
376,vehicle,0.6388888888888888,0.5737369764243002,4.0,ST-GBR-PI,0.4
377,vehicle,0.5992063492063492,0.5821611896222191,4.0,ST-GBR-PI,0.4
378,vehicle,0.5317460317460316,0.5831314375970248,4.0,ST-GBR-PI,0.4
379,vehicle,0.5515873015873016,0.5865670430262029,4.0,ST-GBR-PI,0.4
380,vehicle,0.5764705882352941,0.581758405591247,4.0,ST-GBR-PI,0.4
381,vehicle,0.5372549019607843,0.5741804574018818,4.0,ST-GBR-PI,0.4
382,vehicle,0.5450980392156862,0.5748258069313172,4.0,ST-GBR-PI,0.4
383,vehicle,0.5058823529411763,0.5726970724085689,4.0,ST-GBR-PI,0.4
384,vehicle,0.5803921568627449,0.5803721289743418,4.0,ST-GBR-PI,0.4
385,vehicle,0.6078431372549019,0.5745231679475529,4.0,ST-GBR-PI,0.4
386,vehicle,0.615079365079365,0.5799131881426065,4.0,ST-GBR-PI,0.4
387,vehicle,0.6468253968253969,0.5766425376351813,4.0,ST-GBR-PI,0.4
388,vehicle,0.7023809523809523,0.6357850581831095,4.0,ST-GBR-PI,0.4
389,vehicle,0.5912698412698413,0.5750774261121593,4.0,ST-GBR-PI,0.4
390,vehicle,0.6392156862745098,0.5841455037960558,4.0,ST-GBR-PI,0.4
391,vehicle,0.5921568627450982,0.5868363376571123,4.0,ST-GBR-PI,0.4
392,vehicle,0.580392156862745,0.5768295268691105,4.0,ST-GBR-PI,0.4
393,vehicle,0.6235294117647059,0.5756351678684909,4.0,ST-GBR-PI,0.4
394,vehicle,0.5058823529411763,0.582823367950726,4.0,ST-GBR-PI,0.4
395,vehicle,0.6392156862745099,0.5903457264538226,4.0,ST-GBR-PI,0.4
396,vehicle,0.6468253968253969,0.5718611233166314,4.0,ST-GBR-PI,0.4
397,vehicle,0.615079365079365,0.5878609510391045,4.0,ST-GBR-PI,0.4
398,vehicle,0.5357142857142857,0.5830669253299746,4.0,ST-GBR-PI,0.4
399,vehicle,0.6309523809523808,0.5642170461873497,4.0,ST-GBR-PI,0.4
400,vowel,0.5313893653516294,0.7015095571037623,11.0,ST-GBR-PI,0.4
401,vowel,0.5320754716981133,0.6990584430792152,11.0,ST-GBR-PI,0.4
402,vowel,0.5368782161234992,0.7029702890578102,11.0,ST-GBR-PI,0.4
403,vowel,0.527958833619211,0.6834025517514548,11.0,ST-GBR-PI,0.4
404,vowel,0.506689536878216,0.69756908518338,11.0,ST-GBR-PI,0.4
405,vowel,0.5108061749571183,0.6925230301244848,11.0,ST-GBR-PI,0.4
406,vowel,0.5574614065180103,0.6888798553798914,11.0,ST-GBR-PI,0.4
407,vowel,0.5677530017152659,0.6871031230644253,11.0,ST-GBR-PI,0.4
408,vowel,0.5503496503496503,0.6804753066435749,11.0,ST-GBR-PI,0.4
409,vowel,0.5237762237762238,0.7056417662558374,11.0,ST-GBR-PI,0.4
410,vowel,0.5204116638078902,0.7018533147457982,11.0,ST-GBR-PI,0.4
411,vowel,0.5320754716981131,0.6829047668301101,11.0,ST-GBR-PI,0.4
412,vowel,0.5670668953687822,0.6892696756578076,11.0,ST-GBR-PI,0.4
413,vowel,0.5025728987993139,0.6897521782004086,11.0,ST-GBR-PI,0.4
414,vowel,0.5197255574614066,0.699104049268099,11.0,ST-GBR-PI,0.4
415,vowel,0.5190394511149228,0.7274464164220288,11.0,ST-GBR-PI,0.4
416,vowel,0.5526586620926244,0.692978025388303,11.0,ST-GBR-PI,0.4
417,vowel,0.5506003430531732,0.6877692559598768,11.0,ST-GBR-PI,0.4
418,vowel,0.5300699300699301,0.6970448979388637,11.0,ST-GBR-PI,0.4
419,vowel,0.47342657342657346,0.6929080521805668,11.0,ST-GBR-PI,0.4
420,vowel,0.5732418524871356,0.6889804396293636,11.0,ST-GBR-PI,0.4
421,vowel,0.5135506003430531,0.6975688208340723,11.0,ST-GBR-PI,0.4
422,vowel,0.5149228130360205,0.6790388803844225,11.0,ST-GBR-PI,0.4
423,vowel,0.595197255574614,0.694870290482033,11.0,ST-GBR-PI,0.4
424,vowel,0.5451114922813035,0.6934015509712962,11.0,ST-GBR-PI,0.4
425,vowel,0.5485420240137222,0.7011909070526792,11.0,ST-GBR-PI,0.4
426,vowel,0.5849056603773585,0.7021035742453755,11.0,ST-GBR-PI,0.4
427,vowel,0.5272727272727272,0.7021859693510539,11.0,ST-GBR-PI,0.4
428,vowel,0.5531468531468531,0.6929493033993088,11.0,ST-GBR-PI,0.4
429,vowel,0.5090909090909091,0.6898368498402009,11.0,ST-GBR-PI,0.4
430,vowel,0.5423670668953687,0.695424410434597,11.0,ST-GBR-PI,0.4
431,vowel,0.6034305317324185,0.6922106253009516,11.0,ST-GBR-PI,0.4
432,vowel,0.49502572898799324,0.6844392697321251,11.0,ST-GBR-PI,0.4
433,vowel,0.5656946826758148,0.6927308094470234,11.0,ST-GBR-PI,0.4
434,vowel,0.5389365351629503,0.7351588120704704,11.0,ST-GBR-PI,0.4
435,vowel,0.5286449399656947,0.6876925177220784,11.0,ST-GBR-PI,0.4
436,vowel,0.5403087478559178,0.6938679710275952,11.0,ST-GBR-PI,0.4
437,vowel,0.546483704974271,0.6904316892689306,11.0,ST-GBR-PI,0.4
438,vowel,0.5524475524475524,0.7025189861094093,11.0,ST-GBR-PI,0.4
439,vowel,0.5377622377622377,0.6999601710166462,11.0,ST-GBR-PI,0.4
440,vowel,0.5423670668953688,0.7041163066002802,11.0,ST-GBR-PI,0.4
441,vowel,0.5615780445969126,0.6969475608413717,11.0,ST-GBR-PI,0.4
442,vowel,0.5217838765008576,0.7038968790025404,11.0,ST-GBR-PI,0.4
443,vowel,0.4991423670668954,0.7042632505924298,11.0,ST-GBR-PI,0.4
444,vowel,0.541680960548885,0.6990822986571045,11.0,ST-GBR-PI,0.4
445,vowel,0.5636363636363637,0.6833827946636855,11.0,ST-GBR-PI,0.4
446,vowel,0.5807890222984563,0.7027788727557396,11.0,ST-GBR-PI,0.4
447,vowel,0.5348198970840481,0.6969526888272243,11.0,ST-GBR-PI,0.4
448,vowel,0.5517482517482518,0.6932982545428287,11.0,ST-GBR-PI,0.4
449,vowel,0.5195804195804196,0.6913200832543268,11.0,ST-GBR-PI,0.4
450,wine,0.40740740740740744,0.3916902287149862,3.0,ST-GBR-PI,0.4
451,wine,0.4444444444444444,0.38417251979733275,3.0,ST-GBR-PI,0.4
452,wine,0.5185185185185185,0.4087157680857113,3.0,ST-GBR-PI,0.4
453,wine,0.5555555555555557,0.39720507242804226,3.0,ST-GBR-PI,0.4
454,wine,0.4444444444444444,0.394981916496922,3.0,ST-GBR-PI,0.4
455,wine,0.4074074074074074,0.397243018243221,3.0,ST-GBR-PI,0.4
456,wine,0.4074074074074074,0.411843126853505,3.0,ST-GBR-PI,0.4
457,wine,0.48148148148148145,0.3991065182041676,3.0,ST-GBR-PI,0.4
458,wine,0.4901960784313726,0.393760416767296,3.0,ST-GBR-PI,0.4
459,wine,0.37254901960784315,0.4066265978670373,3.0,ST-GBR-PI,0.4
460,wine,0.3703703703703704,0.39332063757882707,3.0,ST-GBR-PI,0.4
461,wine,0.5925925925925926,0.3998342602801076,3.0,ST-GBR-PI,0.4
462,wine,0.48148148148148157,0.41892284497568516,3.0,ST-GBR-PI,0.4
463,wine,0.33333333333333326,0.46815129828846996,3.0,ST-GBR-PI,0.4
464,wine,0.2962962962962963,0.39495739371485306,3.0,ST-GBR-PI,0.4
465,wine,0.33333333333333326,0.40716782839283133,3.0,ST-GBR-PI,0.4
466,wine,0.48148148148148134,0.3914372261052648,3.0,ST-GBR-PI,0.4
467,wine,0.40740740740740733,0.3938127398176875,3.0,ST-GBR-PI,0.4
468,wine,0.37254901960784315,0.4061149248816321,3.0,ST-GBR-PI,0.4
469,wine,0.2156862745098039,0.39779690946240726,3.0,ST-GBR-PI,0.4
470,wine,0.2222222222222222,0.37967198093903737,3.0,ST-GBR-PI,0.4
471,wine,0.37037037037037035,0.3919642402824707,3.0,ST-GBR-PI,0.4
472,wine,0.5185185185185186,0.38453758690435974,3.0,ST-GBR-PI,0.4
473,wine,0.25925925925925924,0.394960937822576,3.0,ST-GBR-PI,0.4
474,wine,0.37037037037037035,0.39732450116463514,3.0,ST-GBR-PI,0.4
475,wine,0.2222222222222222,0.3846819382392539,3.0,ST-GBR-PI,0.4
476,wine,0.5185185185185186,0.40909760637427534,3.0,ST-GBR-PI,0.4
477,wine,0.4444444444444444,0.3844714831585534,3.0,ST-GBR-PI,0.4
478,wine,0.29411764705882354,0.40986086222307644,3.0,ST-GBR-PI,0.4
479,wine,0.6078431372549019,0.39095180788127404,3.0,ST-GBR-PI,0.4
480,wine,0.4074074074074074,0.3817011553846921,3.0,ST-GBR-PI,0.4
481,wine,0.03703703703703704,0.37967197112717205,3.0,ST-GBR-PI,0.4
482,wine,0.48148148148148145,0.3806807490371652,3.0,ST-GBR-PI,0.4
483,wine,0.48148148148148145,0.4303046108283112,3.0,ST-GBR-PI,0.4
484,wine,0.25925925925925924,0.3939698197491818,3.0,ST-GBR-PI,0.4
485,wine,0.4074074074074074,0.38097642175943086,3.0,ST-GBR-PI,0.4
486,wine,0.4444444444444444,0.38059077450382905,3.0,ST-GBR-PI,0.4
487,wine,0.37037037037037035,0.3926185259740709,3.0,ST-GBR-PI,0.4
488,wine,0.5686274509803921,0.39720850269401287,3.0,ST-GBR-PI,0.4
489,wine,0.4901960784313726,0.3978080007481462,3.0,ST-GBR-PI,0.4
490,wine,0.3333333333333333,0.3956820775164975,3.0,ST-GBR-PI,0.4
491,wine,0.4074074074074074,0.3994540973269504,3.0,ST-GBR-PI,0.4
492,wine,0.2962962962962963,0.39710962271696715,3.0,ST-GBR-PI,0.4
493,wine,0.5555555555555556,0.4079356880316506,3.0,ST-GBR-PI,0.4
494,wine,0.48148148148148157,0.39781496790744464,3.0,ST-GBR-PI,0.4
495,wine,0.4444444444444444,0.4091073896407768,3.0,ST-GBR-PI,0.4
496,wine,0.4444444444444444,0.39760816972922913,3.0,ST-GBR-PI,0.4
497,wine,0.2222222222222222,0.4091772623377198,3.0,ST-GBR-PI,0.4
498,wine,0.4509803921568628,0.3979857819967278,3.0,ST-GBR-PI,0.4
499,wine,0.8039215686274509,0.4080182688182628,3.0,ST-GBR-PI,0.4
500,yeast,0.37598806860551826,0.5782099489034346,10.0,ST-GBR-PI,0.4
501,yeast,0.3822520507084265,0.6070900935480041,10.0,ST-GBR-PI,0.4
502,yeast,0.35510812826249066,0.5731736675103186,10.0,ST-GBR-PI,0.4
503,yeast,0.39090231170768075,0.5804092549052825,10.0,ST-GBR-PI,0.4
504,yeast,0.4156156156156156,0.5852204664146307,10.0,ST-GBR-PI,0.4
505,yeast,0.35300300300300297,0.5912269005071236,9.993243243243244,ST-GBR-PI,0.4
506,yeast,0.3948948948948949,0.569701863990322,10.0,ST-GBR-PI,0.4
507,yeast,0.40540540540540543,0.5836195795121429,10.0,ST-GBR-PI,0.4
508,yeast,0.40420420420420416,0.5679668942674337,10.0,ST-GBR-PI,0.4
509,yeast,0.3726726726726726,0.5897179573650693,10.0,ST-GBR-PI,0.4
510,yeast,0.40134228187919463,0.5762352092330576,10.0,ST-GBR-PI,0.4
511,yeast,0.3870246085011185,0.5918033043981107,10.0,ST-GBR-PI,0.4
512,yeast,0.4237136465324384,0.5799358575572376,10.0,ST-GBR-PI,0.4
513,yeast,0.36316181953765847,0.6269944183322281,10.0,ST-GBR-PI,0.4
514,yeast,0.342042042042042,0.5776866293116657,10.0,ST-GBR-PI,0.4
515,yeast,0.37087087087087084,0.6325932906025294,10.0,ST-GBR-PI,0.4
516,yeast,0.35375375375375373,0.6173480879730907,10.0,ST-GBR-PI,0.4
517,yeast,0.35855855855855856,0.6035617321574298,10.0,ST-GBR-PI,0.4
518,yeast,0.3474474474474474,0.5904074810772204,10.0,ST-GBR-PI,0.4
519,yeast,0.3624624624624625,0.5915464486714302,10.0,ST-GBR-PI,0.4
520,yeast,0.3736017897091722,0.5755337988607024,10.0,ST-GBR-PI,0.4
521,yeast,0.379269202087994,0.5816535844505577,10.0,ST-GBR-PI,0.4
522,yeast,0.3583892617449665,0.6149068770604873,10.0,ST-GBR-PI,0.4
523,yeast,0.36077554064131245,0.6011533754785398,10.0,ST-GBR-PI,0.4
524,yeast,0.3738738738738739,0.5837487691193924,10.0,ST-GBR-PI,0.4
525,yeast,0.37747747747747745,0.583264308046506,10.0,ST-GBR-PI,0.4
526,yeast,0.38768768768768763,0.569016888212128,10.0,ST-GBR-PI,0.4
527,yeast,0.3828828828828829,0.5781731408283204,10.0,ST-GBR-PI,0.4
528,yeast,0.3780780780780781,0.5695293827444897,10.0,ST-GBR-PI,0.4
529,yeast,0.3906906906906907,0.5812023816612489,10.0,ST-GBR-PI,0.4
530,yeast,0.380462341536167,0.5743930496969277,10.0,ST-GBR-PI,0.4
531,yeast,0.38344519015659956,0.5879159237560451,10.0,ST-GBR-PI,0.4
532,yeast,0.3497390007457122,0.5874421034093875,10.0,ST-GBR-PI,0.4
533,yeast,0.36495152870991787,0.6318962578376581,10.0,ST-GBR-PI,0.4
534,yeast,0.33363363363363363,0.5717911999568462,10.0,ST-GBR-PI,0.4
535,yeast,0.3903903903903904,0.5807350994813474,10.0,ST-GBR-PI,0.4
536,yeast,0.38948948948948947,0.5692490647191651,10.0,ST-GBR-PI,0.4
537,yeast,0.3741741741741742,0.5824744094358487,10.0,ST-GBR-PI,0.4
538,yeast,0.3876876876876877,0.5742285242676075,10.0,ST-GBR-PI,0.4
539,yeast,0.3567567567567567,0.5803601955075466,10.0,ST-GBR-PI,0.4
540,yeast,0.3542132736763609,0.5728724748011433,10.0,ST-GBR-PI,0.4
541,yeast,0.3837434750186428,0.5837978388859502,10.0,ST-GBR-PI,0.4
542,yeast,0.3533184190902312,0.5757872574698562,10.0,ST-GBR-PI,0.4
543,yeast,0.35540641312453386,0.601564101582414,10.0,ST-GBR-PI,0.4
544,yeast,0.3876876876876877,0.5733814963790231,10.0,ST-GBR-PI,0.4
545,yeast,0.36036036036036034,0.5777968219463158,10.0,ST-GBR-PI,0.4
546,yeast,0.39519519519519514,0.5664331059830521,10.0,ST-GBR-PI,0.4
547,yeast,0.3489489489489489,0.5914045361553238,10.0,ST-GBR-PI,0.4
548,yeast,0.3822822822822823,0.5828933723309804,10.0,ST-GBR-PI,0.4
549,yeast,0.4048048048048048,0.5821655873665778,10.0,ST-GBR-PI,0.4
550,movies,0.059340659340659345,0.5523216750672065,15.0,ST-GBR-PI,0.4
551,movies,0.07326007326007325,0.5775696843736778,15.0,ST-GBR-PI,0.4
552,movies,-0.014652014652014647,0.5974349628250548,15.0,ST-GBR-PI,0.4
553,movies,0.027106227106227104,0.6197193641857686,15.0,ST-GBR-PI,0.4
554,movies,-0.015384615384615384,0.6594800836830339,15.0,ST-GBR-PI,0.4
555,movies,0.05201465201465202,0.6387347035900004,15.0,ST-GBR-PI,0.4
556,movies,-0.009523809523809525,0.5548253685576777,15.0,ST-GBR-PI,0.4
557,movies,0.016849816849816852,0.6217102501379966,15.0,ST-GBR-PI,0.4
558,movies,0.041758241758241756,0.5631992775135696,15.0,ST-GBR-PI,0.4
559,movies,0.008058608058608056,0.575501984381807,15.0,ST-GBR-PI,0.4
560,movies,-0.021978021978021976,0.5707356837591804,15.0,ST-GBR-PI,0.4
561,movies,0.05787545787545788,0.5666892010876347,15.0,ST-GBR-PI,0.4
562,movies,0.014652014652014652,0.5938586273710569,15.0,ST-GBR-PI,0.4
563,movies,0.0336996336996337,0.5915857621504468,15.0,ST-GBR-PI,0.4
564,movies,0.07179487179487179,0.5776155585623781,15.0,ST-GBR-PI,0.4
565,movies,0.060805860805860805,0.5555976122324369,15.0,ST-GBR-PI,0.4
566,movies,0.07692307692307693,0.6209836268414601,15.0,ST-GBR-PI,0.4
567,movies,0.04835164835164835,0.5633540235126897,15.0,ST-GBR-PI,0.4
568,movies,0.022710622710622706,0.5787916005270675,15.0,ST-GBR-PI,0.4
569,movies,-0.0029304029304029295,0.5607868546500512,15.0,ST-GBR-PI,0.4
570,movies,-0.004395604395604393,0.5485681328649996,15.0,ST-GBR-PI,0.4
571,movies,0.0879120879120879,0.567764713428976,15.0,ST-GBR-PI,0.4
572,movies,-0.003663003663003663,0.5665932971308092,15.0,ST-GBR-PI,0.4
573,movies,0.07179487179487179,0.5709730774240116,15.0,ST-GBR-PI,0.4
574,movies,0.060805860805860805,0.5564928778941733,15.0,ST-GBR-PI,0.4
575,movies,-0.03882783882783883,0.5698906386628558,15.0,ST-GBR-PI,0.4
576,movies,0.027106227106227104,0.5624979759219628,15.0,ST-GBR-PI,0.4
577,movies,0.008791208791208795,0.552903790509217,15.0,ST-GBR-PI,0.4
578,movies,0.09377289377289379,0.6058114681573563,15.0,ST-GBR-PI,0.4
579,movies,0.11282051282051284,0.5698257011518506,15.0,ST-GBR-PI,0.4
580,movies,0.028571428571428567,0.5604836032793313,15.0,ST-GBR-PI,0.4
581,movies,-0.0007326007326007364,0.5691999956895412,15.0,ST-GBR-PI,0.4
582,movies,0.010256410256410251,0.5664919106065505,15.0,ST-GBR-PI,0.4
583,movies,-4.270088556250602e-18,0.5683852973086579,15.0,ST-GBR-PI,0.4
584,movies,-0.013919413919413917,0.5639686402692617,15.0,ST-GBR-PI,0.4
585,movies,0.0036630036630036647,0.5692714888604401,15.0,ST-GBR-PI,0.4
586,movies,0.008791208791208788,0.5778758754281619,15.0,ST-GBR-PI,0.4
587,movies,0.08205128205128205,0.556459293611608,15.0,ST-GBR-PI,0.4
588,movies,0.00146520146520146,0.5558189099234012,15.0,ST-GBR-PI,0.4
589,movies,-0.0007326007326007396,0.553235542908193,15.0,ST-GBR-PI,0.4
590,movies,0.0007326007326007337,0.5725080274543323,15.0,ST-GBR-PI,0.4
591,movies,0.002930402930402931,0.568446836755324,15.0,ST-GBR-PI,0.4
592,movies,0.029304029304029307,0.5748970297815192,15.0,ST-GBR-PI,0.4
593,movies,0.0007326007326007322,0.5726061741843056,15.0,ST-GBR-PI,0.4
594,movies,0.012454212454212453,0.6151891873431587,15.0,ST-GBR-PI,0.4
595,movies,0.10842490842490841,0.5539842154925344,15.0,ST-GBR-PI,0.4
596,movies,-0.03956043956043956,0.5847534415084967,15.0,ST-GBR-PI,0.4
597,movies,-0.04249084249084249,0.583330858050073,15.0,ST-GBR-PI,0.4
598,movies,0.026373626373626374,0.5547090655486615,15.0,ST-GBR-PI,0.4
599,movies,0.04468864468864469,0.5719277984512595,15.0,ST-GBR-PI,0.4
